Year,GDP.Nominal GDP[1],GDP.nominal GDP growth rate[1],GDP.Real GDP in 2021c$[1],GDP.real GDP growth rate[1],Government.debt to GDP ratio[1],Government.government consumption[1],Finance.total investment[1],Circular Flow.private consumption[1],Employment.Wage Rate[1],Employment.Employed[1],Employment.Unemployed[1],Employment.unemployment rate[1],Employment.share of employment in agriculture[1],Employment.share of employment in industry[1],Employment.share of employment in services[1],Inflation.agriculture percentage of GDP[1],Demographics.nominal GDP per person[1],Demographics.real GDP per person[1],Demographics.Aged 0 years[1],Demographics.Aged 1 to 20 years[1],Demographics.Aged 20 to 40 years[1],Demographics.Aged 40 to 60 years[1],Demographics.Aged 60 to 65 years[1],Demographics.Aged 65 to 75 years[1],Demographics.Aged Over 75 years[1],Demographics.deaths 0 years[1],Demographics.deaths 1 to 20 years[1],Demographics.deaths 20 to 40 years[1],Demographics.deaths 40 to 60 years[1],Demographics.deaths 60 to 65 years[1],Demographics.deaths 65 to 75 years[1],Demographics.deaths Over 75 years[1],Demographics.Population[1],Demographics.fertility[1],Demographics.Births[1],Demographics.total deaths[1],Demographics.female population literacy percentage[1],Land Use.Forest Land[1],Crop.crop production[1],Food Demand.crop demand for food[1],Food Demand.Crops used for Seed or Lost[1],Food Demand.feed production[1],Land Use.Cropland[1],Freshwater.total water withdrawal[1],Animal Products.animal products production[1],Food Demand.animal products demand[1],Freshwater.irrigated cropland[1],Animal Products.aquatic animal product share[1],Land Nutrients.man made fertilizer use[1],Land Nutrients.manure fertilizer use[1],Land Nutrients.fertilizer use[1],fossil energy.Secondary Fossil Energy Output[1],fossil energy coal.Secondary Fossil Energy Output[1],fossil energy oil.Secondary Fossil Energy Output[1],fossil energy gas.Secondary Fossil Energy Output[1],renewable energy.Renewable Energy Output[1],wind and solar energy.Wind and Solar Energy Output[1],hydropower energy.Hydropower Energy Output[1],nuclear energy.Nuclear Energy Output[1],other energy.Other Energy Output[1],bio fuel energy.bio fuel primary energy[1],bio fuel energy.bio fuel secondary energy output[1],energy supply.Total Energy Output[1],renewable energy.Total Renewable Energy Capacity[1],wind and solar energy.Wind and Solar Energy Capacity[1],hydropower energy.Hydropower Energy Capacity[1],other energy.Other Energy Capacity[1],bio fuel energy.bio fuel production[1],nuclear energy.Nuclear Energy Capacity[1],fossil energy.Primary Fossil Energy FUEL[1],fossil energy coal.Primary Fossil Energy FUEL[1],fossil energy oil.Primary Fossil Energy FUEL[1],fossil energy gas.Primary Fossil Energy FUEL[1],energy demand.demand for energy[1],energy investments.Gross Investments in Fossil Fuel Extraction Capital[1],energy investments.Coal Gross Investments in Fossil Fuel Extraction Capital[1],energy investments.Oil Gross Investments in Fossil Fuel Extraction Capital[1],energy investments.Gas Gross Investments in Fossil Fuel Extraction Capital[1],energy investments.Gross Investments in Fossil Energy Capital[1],energy investments.Coal Gross Investments in Fossil Energy Capital[1],energy investments.Gross Investments in Fossil Energy Capital oil and gas[1],energy investments.Gross Investments in Renewables[1],energy investments.Investments in Nuclear Capacity[1],energy investments.Gross Investments in Hydropower Energy capacity[1],energy investments.Gross Investments in Solar and Wind Energy Capacity[1],energy investments.Gross Investments in Other Capacity[1],energy investments.Gross Investments in Biofuel Capacity[1],wind and solar energy.Installation Cost of Solar and Wind capacity[1],hydropower energy.Hydropower Installation Costs[1],energy investments.share of GDP invested in fuel extraction[1],energy investments.share of GDP invested in Energy without fuel[1],fossil energy coal.Fossil Fuel Extraction Carbon[1],fossil energy oil.Fossil Fuel Extraction Carbon[1],fossil energy gas.Fossil Fuel Extraction Carbon[1],fossil energy.conversion efficiency of fossil fuels to secondary fossil energy[1],fossil energy coal.conversion efficiency of fossil fuels to secondary fossil energy[1],fossil energy oil.conversion efficiency of fossil fuels to secondary fossil energy[1],fossil energy gas.conversion efficiency of fossil fuels to secondary fossil energy[1],Sea Level.SLR thermosteric[1],Sea Level.SLR from mountain glaciers[1],Sea Level.SLR from Greenland Ice Sheet[1],Sea Level.SLR from Antarctic Ice Sheet[1],Sea Level.SLR from LWS[1],Sea Level.Total global SLR[1],Animal Products Demand.Average Daily Demand Per Capita[1],Ocean.Air sea co2 flux[1],Emissions.land carbon sink[1],Terrestrial Carbon Balance.Terrestrial carbon balance[1],Terrestrial Carbon Balance.deforestation carbon loss[1],Terrestrial Carbon Balance.forest regrowth carbon uptake[1],Concrete.total yearly concrete use[1],Concrete.residential concrete stock in use[1],Concrete.Infrastructure concrete stock in use[1],Concrete.In use concrete stock[1],Concrete.concrete waste generation[1],Concrete.new RS construction[1],Concrete.CO2 emissions[1],Emissions.CO2 emissions from Energy[1],Emissions.CO2 Emissions from Food and Land Use[1],Emissions.N2O Emissions from Food and Land Use[1],Emissions.N2O Emissions from Other[1],Emissions.N2O Emissions from Energy[1],Emissions.CH4 Emissions from Energy[1],Emissions.CH4 Emissions from Food and Land Use[1],Emissions.CH4 Emissions from Other[1],Emissions.SO2 Emissions from Energy[1],Emissions.HFC134a eq Emissions[1],Emissions.Total CH4 Emissions[1],Emissions.Total CO2 Emissions[1],Emissions.Total SO2 Emissions[1],Emissions.Total N2O Emissions[1]
1980,19523.8578871,0.0299923753583,44641.8336639,0.0360334402431,0.476895071282,2258.24769473,4028.34240551,13237.2677869,6978.4576151,1552.30102516,118.224411832,0.0707707941548,0.465552315619,0.200426509382,0.334021174999,5.19314300597,4.39108668627,10.0403394957,118.225618,1905.6274335,1280.151947,762.994167,116.650157,178.5858955,84.0122105,7.78250166362,6.01611990333,3.459600844,5.76599949493,2.54003866457,5.91403515221,8.69899359587,4446.2474285,3.86744717387,129.441839899,40.1772893185,71.6823428668,4274.16490217,8130.13355607,3443.06620687,582.488808546,1606.74698897,1420.0253538,3143141173490,607.916456924,610.428564104,248.641272908,0.0609920055798,60.6,22.9686764809,83.5686764809,25146.0086968,7464.51507833,12662.136279,5019.35733941,1897.94451232,0,1835.77894225,724.654882724,52.3925638892,0.0000976725303828,9.77300618466,27768.6080918,488.360100948,0.745,478.776803702,8.83829724631,4.83271830507,97.5591716557,0.253813686002,0.0760034323965,0.126546823675,0.051263429931,27703.9197345,579767474402,73004302431.2,374141677189,132621494782,139406299233,25891963257.7,113514335976,39851662727.6,38294293450.8,21521821771.6,0,18329840955.9,0,4636.06716253,882.729195683,0.0129870891677,0.0147375987181,1.82964360286,2.33253447248,0.761163344127,0.356661741666,0.353566325028,0.359934240889,0.352486878973,-0.008,-0.0035,-0.0028,-0.00182,-0.00538178993297,-0.021501789933,376.138991776,2.25693924328,1.6723735394,0.277774231687,1.77751241551,0.884083314595,8258.09162075,70964.3257359,18797.3864723,89761.7122082,1665.49984612,4844.64150293,516.436357668,18043.4105986,5105.52422576,6783.66702756,729.00926159,1734.74256593,130.541127047,116.566960263,43.4615763328,149.525940375,59.3684013562,290.569663643,23665.3711821,151.569250375,9247.41885509
1981,20084.6494158,0.0298181670145,44657.3689179,0.0142866462079,0.520551741316,2417.0413548,4297.97475494,13369.6333061,7027.8593905,1586.8749406,121.313515709,0.0710188125092,0.472029161188,0.199316520082,0.32865431873,5.28180622584,4.42826246479,9.84605439015,126.488232178,1933.83064106,1309.29842446,776.260488874,120.565262141,180.537076634,88.5797190808,8.27013905511,6.10761215891,3.53230089263,5.85969982905,2.61769225852,5.97659515204,9.12309592835,4535.55984442,3.7946778513,130.891840024,41.6791576047,71.6514573636,4267.78620433,8211.60687449,3491.32715907,593.942221252,1581.08481524,1423.34252034,3123570617540,624.169586506,642.361816716,246.211078694,0.0609614259349,61.9425981961,23.0262104865,84.9688086827,25236.3052497,7534.62796818,12619.885536,5081.79174548,1981.10094497,0,1899.28764235,835.409659538,72.7102666526,0.0000904558457105,9.10303597249,28052.8158542,508.368056812,0.727123371941,495.375167044,12.2657663957,4.47564550291,112.493798351,0.253833190731,0.0766008779954,0.125402384697,0.0518299280389,27944.2385168,593369601343,76267535526.2,378394329984,138707735834,114171103376,24576703435.3,89594399940.9,29226407333.7,41236245168.1,20701348878.3,0,8525058455.33,0,4636.06716253,909.853426689,0.0132871598959,0.0148650104099,1.84284237408,2.31255134996,0.768915624304,0.35791497021,0.35410378308,0.362025337328,0.352970783019,-0.00726803743833,-0.00327556918935,-0.00262208005852,-0.00170602711663,-0.00504256131799,-0.0199142751208,388.021644214,2.11403007224,1.72539561623,0.129270196084,2.01252292,0.889502589265,7860.00449446,75514.6972689,20586.7116882,96101.4089571,1766.00657061,4552.91566523,490.04333293,18049.3200581,6002.38288548,6847.15003303,746.653793406,1707.71778747,127.360856571,117.418808789,44.3345953099,145.284750256,62.7510789423,289.11426067,24541.7462765,147.328060256,9301.5216139
1982,20859.0073586,0.0351992343004,45235.6090282,0.0136933576598,0.551841639344,2616.88699813,4664.35434431,13577.7660161,7089.19074509,1621.80024558,125.019426547,0.07156973816,0.474248590762,0.198936158522,0.326815250716,5.31254691402,4.51006810628,9.78069924609,127.912229403,1965.0375438,1343.4494299,788.43497154,125.395531173,181.410156042,93.3473594216,8.46196440794,6.23674186792,3.63130907405,5.96585698024,2.72799228554,6.02341886892,9.62459479042,4624.98722127,3.72487755822,132.207174401,42.8070144095,71.5904719871,4260.60904962,8327.37725948,3544.7870965,605.144115205,1585.33128402,1427.05625448,3119357246740,650.868891382,667.874756017,245.520894655,0.0608996875935,63.2789795849,23.117842969,86.3968225539,25450.6956316,7654.93470769,12609.6937397,5186.06718419,2049.25634572,0,1958.31771286,964.883978708,82.3330937271,0.000085196179294,8.60553912957,28464.835956,525.355637216,0.709246727503,510.75731346,13.8890770283,4.21540358976,129.917637657,0.255467612919,0.0777623180539,0.124837934325,0.0528673605402,28388.138073,651748225143,84376608074.2,408342889211,159028727858,101162464569,23613430305.1,77549034264.1,23944244893,46999949047.2,18831713880.3,0,5112531012.67,0,4636.06716253,934.990175663,0.0144078578612,0.0159761841303,1.87004825122,2.30156224691,0.783876243498,0.358646261366,0.354384561023,0.363382644027,0.353144958861,-0.00667413472172,-0.00304725634016,-0.00244322732538,-0.00158258434737,-0.00469877622992,-0.0184459789645,395.632196277,2.15501499193,1.71555058977,0.102168749057,2.00722293582,0.893394791007,7506.38009058,79766.1057895,22200.7304653,101966.836255,1859.02607506,4264.8886566,466.806291141,18169.8522951,6048.02416989,6936.3023963,762.435056141,1691.92259183,125.208862735,119.397281962,45.2087380173,142.159209686,63.1083760493,289.814882715,24684.6827562,144.202519686,9390.66004427
1983,21707.4733383,0.0382302749746,45976.2377008,0.0153839116613,0.574681345511,2840.0549615,5094.32831506,13773.0900617,7170.66381846,1657.7968721,128.608946707,0.0719931302022,0.475220301623,0.198769628589,0.326010069787,5.32606246798,4.60449389643,9.75227759468,128.96518432,1989.0992954,1385.88022399,799.179367249,131.201507943,182.912018056,97.1726784271,8.57312704126,6.35035692193,3.75205858912,6.06169432594,2.86015967299,6.08518707165,10.0412044494,4714.41027539,3.65792463247,133.14697083,43.8476882633,71.5246740269,4254.057746,8456.30233672,3602.46003088,616.268575077,1598.67109385,1430.88163842,3118469271250,684.026432651,688.787705582,245.333998277,0.0608311540947,64.6218190977,23.2270170004,87.8488360981,25753.9711732,7808.59957928,12615.2229291,5330.14866489,2095.94661032,0,2007.41557131,1113.86341048,80.3251757418,0.0000810468527081,8.20586326699,28963.781194,537.721588998,0.691370688218,523.479864465,13.5503538454,4.01009994433,149.905774581,0.258241232717,0.0793015363104,0.124596776883,0.0543429195232,28897.4970546,686228131932,89421482600.3,418882602819,177924046513,89614237586.2,22600232478,67014005108.2,16497372145.2,54087305785.2,16497372145.2,0,0,0,4636.06716253,955.780744305,0.0149257130694,0.0164609556525,1.90673362111,2.29693146675,0.805425574816,0.359022047905,0.354481890179,0.364257260704,0.353100925787,-0.006338235444,-0.00282870076992,-0.00226673486716,-0.00146681939565,-0.00433703382469,-0.0172375243014,400.281158003,2.26169592668,1.68133523337,0.190148838718,1.86121289248,0.894634660828,7220.28200718,83748.8141763,23672.1807483,107420.994925,1945.32185098,4012.6616495,448.288457779,18369.4241668,5564.94350275,7041.23197463,777.651230302,1683.27340818,123.766262287,122.015535773,46.0828384706,139.773404121,59.3505765456,291.86463653,24382.6561274,141.816714121,9502.15661311
1984,22577.0893007,0.0388392529505,46742.4773688,0.0160914504681,0.592648095929,3085.17318025,5497.70445276,13994.2116677,7277.37651131,1694.97959982,132.131531025,0.0723171835553,0.475955624031,0.198643610454,0.325400765515,5.33631287609,4.7000976235,9.73084722621,129.696790589,2011.64485373,1429.92694588,809.38913385,136.881557551,184.818619015,101.178346762,8.66487880765,6.45922621841,3.88103726186,6.15465364017,2.99401299394,6.16218449092,10.4671131637,4803.53624737,3.5937027556,133.799384477,44.9116818459,71.4603096331,4248.80837775,8589.5605388,3662.16490356,627.32776878,1614.47737036,1434.60493981,3122506181220,717.769858787,707.266013692,245.222923824,0.0607620940622,65.9919444016,23.33330826,89.3252526616,26073.2075281,7961.05857979,12610.6489388,5501.50000948,2130.9226593,0,2046.62910984,1286.26132692,76.4068983542,0.0000777346920752,7.88665110619,29490.3915143,547.306330581,0.673495243591,533.743470336,12.8893650013,3.84621825459,173.144285125,0.261329552658,0.080890830515,0.124296726066,0.0561419960769,29402.5021938,682074025270,88707955826,400916106883,192449962562,76871444470,20684178888.3,56187265581.7,16066078349.6,65079080463,16066078349.6,0,0,0,4636.06716253,972.553025454,0.0145921667756,0.0163281714416,1.94517400481,2.29169424903,0.831900653593,0.359176932522,0.354302344342,0.365013330734,0.352773350042,-0.00590000052817,-0.00261837287664,-0.00209222905788,-0.0013572957096,-0.00395826227426,-0.0159261604466,403.39345978,2.1787980304,1.68139529968,0.374423557608,1.67606424797,0.901437845052,7016.48675342,87504.704683,25041.1857018,112545.890385,2027.03720656,3805.89004013,435.440613394,18587.072738,4875.49126739,7147.60965273,792.719473736,1675.53364619,122.557285258,124.608705681,46.9540349789,137.582675211,62.7100341495,294.120025918,23898.0046188,139.625985211,9615.86277266
1985,23449.7156615,0.0381829999634,47503.67135,0.0161371690427,0.610171729481,3334.45973594,5840.97404407,14274.2818815,7410.77395675,1733.0198262,134.872334291,0.072205632179,0.47666868692,0.198521407111,0.324809905969,5.34627166024,4.79330863287,9.71012873935,130.275390467,2035.40338154,1472.20229115,819.735384701,141.736890901,187.639178581,105.184777644,8.74739129585,6.5735445218,4.0083181492,6.25056895539,3.11336211672,6.26873089012,10.9010862046,4892.17729498,3.53210043637,134.411244551,45.9932125149,71.3977684656,4244.7723713,8720.88634678,3722.6304132,638.302601247,1623.87043668,1438.08754784,3129981117970,744.588384547,724.43711765,245.081204339,0.0606931452591,67.3767724728,23.4146073643,90.7913798371,26327.7195372,8079.98859718,12555.6065684,5692.12437156,2180.90652463,0,2098.52898728,1513.32552787,72.6796713057,0.0000954116573419,9.69786604,30021.9515897,560.327774099,0.655619255612,547.411549691,12.2606051523,4.72085304994,203.857684576,0.263863688531,0.0821629076114,0.123527302469,0.0581734784506,29894.4523432,633886141607,80277691452.5,349931042193,203677407961,60888578409.5,17066465964.2,43822112445.4,31739887053.2,93712940888.6,26942418415.1,0,0,4797468638.15,4636.06716253,994.888730138,0.0133439400281,0.0159848480753,1.97661856055,2.27829113634,0.861896602398,0.359199823445,0.354027867264,0.365630086395,0.352250686797,-0.0051703279207,-0.00239048493046,-0.00191349380106,-0.00123442341186,-0.00361039544699,-0.0143191255111,405.700592347,2.04742010201,1.79682086579,0.622467726439,1.55884980353,0.912319248215,6893.21638711,91079.5606533,26348.4193566,117427.98001,2105.46545191,3644.4572588,428.11067688,18758.6071612,4382.53858155,7236.27357011,807.710588604,1662.42016503,121.108542283,126.37371403,47.820491405,135.078732811,72.0711791361,295.302747718,23569.2564197,137.122042811,9706.40432374
1986,24354.9396943,0.0380743895874,48365.5064596,0.0175365873335,0.630968331143,3561.44327495,6139.32223714,14654.1741822,7569.31739628,1770.88764712,137.36655055,0.0719854570304,0.476625798877,0.198528757181,0.324845443942,5.34567215846,4.8902601078,9.71137312602,130.833527043,2059.49635735,1511.64248763,831.8395221,146.283701699,191.079468501,109.120289586,8.82625016213,6.68791371772,4.12806911779,6.35765266099,3.22493978034,6.39611743598,11.3284003013,4980.29535391,3.47301076172,134.988302811,47.0786482983,71.3394231935,4241.18090449,8848.35306178,3783.9153311,649.210851615,1628.32806263,1441.40420275,3139118788840,761.33938844,740.320870044,245.201762834,0.0606268424701,68.7130882437,23.4640525219,92.1771407656,26539.6236315,8159.97649686,12466.6899444,5912.95719017,2252.40066022,0,2171.44224989,1759.98293147,69.1341616654,0.00011616040043,11.8242486651,30552.0072232,578.841119105,0.636279336807,566.542339877,11.6624998915,5.74747568516,237.222372837,0.265843481237,0.0829203161433,0.122471688224,0.0604514768698,30424.1196205,684770817059,77944875374.5,386123573938,220702367747,87475148621.9,27223630824.1,60251517797.8,22895270355,58672173022.5,18105915581.4,0,0,4789354773.62,4636.06716253,1026.15132884,0.014158247627,0.0158447272971,1.99499961116,2.25817298449,0.895328247719,0.359394349746,0.354266804023,0.366105485199,0.35212780542,-0.00434777782981,-0.00214087790651,-0.00172944862274,-0.00109654366078,-0.0033108479363,-0.0126254959561,407.260255096,1.98945249502,1.89894173935,0.766530713784,1.54371464857,0.922419173536,6837.25080648,94514.9045511,27629.8034638,122144.708015,2181.30743694,3521.1084818,425.390472062,18878.963817,4255.7035048,7297.88158655,822.236864362,1643.08169213,119.309591294,127.012955352,48.6818356747,132.154940058,80.5374379001,295.00438232,23560.0577939,134.198250058,9763.20014305
1987,25389.3918699,0.0406640463461,49579.9235741,0.0226735927883,0.654636648365,3763.34051817,6434.29175879,15191.7595929,7747.78003396,1808.22183956,139.819773301,0.071774531087,0.474160414489,0.198951270002,0.326888315509,5.31132216947,5.00992368548,9.78328408617,131.323083029,2084.2051899,1547.07572901,846.632247756,150.977643092,194.664477751,112.941712914,8.89146522804,6.79609469117,4.23516808182,6.48109593798,3.33631932484,6.52768174849,11.7418890324,5067.82008346,3.41633143087,135.457241027,48.132555764,71.2986139614,4237.42627449,8979.85274324,3846.84360491,660.164672041,1636.4413397,1444.56134982,3157365195700,770.323726841,754.633749912,246.225529195,0.0605764460152,69.9770642767,23.4901679137,93.4672321904,26975.9851926,8286.71041735,12499.2189348,6190.05584044,2276.63583254,0,2197.67040084,1866.91306988,65.7615321431,0.000129591684374,13.203899557,31119.534095,585.205881907,0.616938953686,573.49538453,11.0935584233,6.41203931958,251.777305399,0.269868072485,0.0840115023488,0.122675489019,0.0631810811167,31079.8791625,799585894250,85819105907.9,477119679417,236647108925,112799934918,34894374847.8,77905560070.5,11575711512.2,32366687430.5,11575711512.2,0,0,0,4636.06716253,1037.51365327,0.0161272111091,0.017013505314,2.02050381309,2.26029578283,0.935501232773,0.359855635381,0.355096107895,0.366411453885,0.352703699141,-0.00347185542084,-0.00187400086365,-0.00154111322982,-0.000946947562325,-0.00291168223515,-0.0107455993118,407.964310441,1.94536426776,1.9941146133,0.82755160144,1.59542277414,0.932710513895,6834.26796855,97844.2349577,28913.6680876,126757.903045,2255.63997648,3428.10306515,426.283208941,19138.0639376,4380.83588178,7337.77347633,835.390376584,1634.6019257,118.317170095,126.811807623,49.5373802155,130.035152708,89.4719607819,294.666357934,23945.1830283,132.078462708,9807.76577861
1988,26633.6127122,0.0456652046572,51318.5563458,0.0307563461519,0.67694896971,3960.36547757,6775.8796465,15897.3675882,7937.9483878,1844.69675315,142.113239014,0.0715283492506,0.468351267584,0.199946830393,0.331701902023,5.23126562158,5.16687957443,9.95572036873,131.707059017,2106.92571872,1582.21596236,862.900356642,155.338390063,198.952922496,116.639959889,8.92540276407,6.8770553765,4.3344207575,6.60851015141,3.43621236246,6.67150167437,12.1363869172,5154.68036918,3.36196500719,135.808619126,49.0978079108,71.300160273,4233.20832719,9121.67772741,3913.47022468,671.391400215,1648.89001557,1447.57553126,3190296654760,775.158784576,766.435123844,248.53337281,0.0605668522107,71.1648095221,23.5041084047,94.6689179268,27617.6246634,8465.48930435,12658.0545915,6494.08076754,2298.71537011,0,2221.04937885,1929.4314378,62.5533409902,0.000148197336765,15.1126502671,31845.7714713,590.881879023,0.597598036849,579.731924308,10.5523566778,7.33262442714,260.386797471,0.275888066207,0.0856035307989,0.124127134945,0.066157400463,31917.1144631,893541925520,94192362370.6,552621226943,246728336206,132011494817,39952994629.1,92058500188.2,16872866356.8,29371912297.3,15231999609.7,0,0,1640866747.15,4636.06716253,1047.70510059,0.0174116730701,0.0183128047843,2.05807653072,2.2857947517,0.979531785558,0.360376040019,0.356010566518,0.366677728336,0.353379827495,-0.00249787940683,-0.00158672313257,-0.00134763532962,-0.000783426878975,-0.00250578061541,-0.0087214453634,407.362262394,1.89935750863,2.11139820078,0.887190469428,1.66617176493,0.944185810218,6879.74901324,101096.405513,30221.7377193,131318.143232,2329.38454744,3364.21409004,430.414088065,19539.2635472,4587.05359891,7365.02453013,846.6316707,1637.52753306,118.150034549,126.175592564,50.3864298915,128.700631117,100.856298137,294.712057004,24556.7312341,130.743941117,9849.18373389
1989,28091.4265774,0.0508607860764,53538.9961107,0.038564526121,0.693659335268,4177.19278047,7200.76810293,16713.465694,8130.8713221,1881.02375534,143.711937651,0.0709781223045,0.45985688063,0.201402582044,0.338740537327,5.11649408734,5.36008895667,10.2157069529,131.965377167,2127.43942123,1617.51802853,880.540569536,159.401359633,203.872178515,120.11388045,8.91089880707,6.91363042832,4.42350355605,6.73134918176,3.51944144307,6.82080779144,12.4961065595,5240.85081506,3.30981889844,135.986739101,49.9014002143,71.3675393661,4228.4337972,9275.49875049,3981.67500191,683.137652092,1663.89680537,1450.52588472,3235907848990,779.356767814,779.066965002,251.93797747,0.0606227621657,72.3032151599,23.5161483857,95.8193635455,28407.3862088,8690.48808498,12909.2285623,6807.66956154,2345.6851438,1.02727210849,2262.2197218,1995.18156439,62.6184631121,0.000194147989927,19.8196867791,32748.252917,601.775344408,0.578256489752,590.633745547,10.5633423717,9.60620699735,269.465950905,0.283322023637,0.0876506303965,0.126455115301,0.0692162779398,32912.5680857,957790600407,101067333504,605678981544,251044285359,146568249246,43809315254.6,102758933991,33467206512.2,32941156843,20765088723.2,0,6952404242.16,5749713546.77,4636.0909707,1065.52032198,0.0178895883372,0.0191299620494,2.10680271478,2.32791763965,1.02495125006,0.360955315223,0.356937046138,0.366944280737,0.354072931267,-0.00142850407188,-0.00127541055686,-0.00114800120965,-0.00060439130454,-0.00213613305534,-0.00659244019828,407.267849519,1.86522739068,2.24040566654,0.937142140575,1.75604417146,0.956539258085,6982.99141862,104303.973153,31573.7650261,135877.738179,2403.34001466,3336.64818845,438.322496653,20045.4778359,4877.82726769,7389.13398433,856.287650672,1648.65632791,118.594102182,125.477087236,51.2287364593,127.897582705,114.508103666,295.299925877,25361.6276002,129.940892705,9894.07796292
1990,29743.2567147,0.0551817155445,56101.6134026,0.0440350120134,0.702506090795,4433.13255043,7730.31120801,17579.8129562,8319.78746318,1917.72673902,143.894980567,0.0697969851597,0.449905502873,0.203108029968,0.346986467159,4.98563206539,5.58413586212,10.5327750195,132.106413989,2147.06250646,1651.0815981,900.282992101,163.303616401,209.587313827,122.960419566,8.83812621931,6.90010188574,4.49453257528,6.8493098113,3.58544118879,6.97501260391,12.7769625987,5326.38486044,3.25980476513,136.059975734,50.4761846534,71.5124773591,4222.96766477,9442.48199685,4052.06961929,695.579776358,1676.15713707,1453.5304928,3288476344680,785.657807733,792.80726569,256.032450043,0.0607588832522,73.440778978,23.5341102873,96.9748892653,29276.0046662,8945.20492676,13215.1088906,7115.6908488,2435.55307098,0.992910832008,2320.17869818,2074.72395771,84.4550223028,0.000292764946659,29.926439668,33786.2816949,620.705535425,0.558914359312,605.899587982,14.2470330834,14.4856543724,280.386591357,0.29146090847,0.0899792059256,0.129281020141,0.0722006824038,34011.7690059,994573082491,105958480300,638075564168,250539038023,157277875543,46822762148,110455113394,56080217685.7,38071350847.3,26021220542.1,0,18366404816.9,11692592326.7,4636.08946738,1090.4670127,0.0177280655969,0.0194062984109,2.16252216211,2.37960947339,1.06937996054,0.361604639714,0.357890886067,0.367160625694,0.354795636313,-0.000339170943642,-0.000939888090993,-0.000942057738569,-0.000410205713956,-0.00179927059054,-0.0044305930777,407.79529783,1.88404946755,2.3415419513,0.9537236337,1.84412209725,0.968375498534,7160.02073779,107508.909812,32992.8350035,140501.744815,2478.38132955,3355.24317098,451.046657177,20608.4074156,5185.26460365,7418.12710144,865.023833982,1663.71600957,119.358867782,124.991692051,52.0648222827,127.297521544,127.108041948,296.415382115,26244.7186765,129.340831544,9946.86694499
1991,31571.0444817,0.0581043278766,58747.4422678,0.0451140590774,0.703683918009,4728.99881173,8388.99448606,18453.0511839,8502.83768996,1954.79319634,142.666586687,0.0680187471728,0.440187791633,0.204773432575,0.355038775792,4.86174934176,5.83417088861,10.8562330796,132.148141197,2166.03843249,1683.04055015,922.142106745,166.514186793,216.494601213,125.024061412,8.70654333581,6.83468920043,4.54454871293,6.9588148837,3.62213336492,7.14318064538,12.9512473377,5411.40208,3.21183765321,135.97699535,50.7862124187,71.7328869017,4217.05175907,9621.16467239,4126.30633021,708.791632705,1691.48201645,1456.69873928,3336610664580,797.484213327,806.396210453,260.174469556,0.0609775855465,74.6204500944,23.5674737056,98.1879237999,30186.8399059,9224.572797,13556.1399577,7406.12715123,2545.35014024,0.952250293637,2389.48820891,2168.24039951,114.239652702,0.000397132247103,40.6700283282,34900.4304457,643.746133835,0.536026343571,623.938593884,19.2715136071,19.6496217779,292.942918084,0.299804492291,0.0924606290329,0.132372180319,0.074971682939,35136.89364,1018021658880,108633440187,666916657796,242471560894,172272185872,53791251744.2,118480934128,49389768872,40059511774.4,27826290342.8,0,15719434080.2,5844044449.05,4636.08787113,1119.94547109,0.0173287826598,0.018851389895,2.22217637407,2.4363236084,1.11082253621,0.362478303213,0.359163272157,0.36757066,0.355628374597,0.000438642864661,-0.000595805338598,-0.000733818327167,-0.000211592942138,-0.00148204093546,-0.0025846146787,408.26844014,2.08876123406,2.27333861333,0.85918709025,1.87391380651,0.974580020575,7422.53589784,110760.904875,34508.1996431,145269.104518,2555.13690677,3424.83009133,469.419082712,21191.3754767,5313.40234893,7461.4867002,873.751574395,1679.84223879,120.253031414,125.046213538,52.8958561909,126.680880314,124.261389872,298.195101143,26974.1969083,128.724190314,10015.0805134
1992,33468.7301055,0.0581345952552,61158.5420235,0.0415840467758,0.700233464353,5051.09524441,9169.83588918,19247.7989719,8687.19466792,1992.41312259,140.385516341,0.0658222083316,0.432346911432,0.206117187499,0.361535901069,4.76471991799,6.08964780537,11.1278193119,132.075545307,2185.34994658,1712.59754592,946.163815142,168.884741539,224.250646277,126.681990544,8.52563032064,6.73011169191,4.5730549648,7.06116807565,3.62715796407,7.31786549616,13.052451667,5496.00423131,3.16583511716,135.781952209,50.8909525915,72.0072941949,4211.15711923,9795.95509298,4202.29733549,722.658305088,1710.54546803,1459.93982437,3368610902620,814.957091812,821.367183229,263.630725673,0.0612621362646,75.7983101507,23.6159557608,99.4142659115,31098.801318,9509.56089264,13929.8993711,7659.34105428,2636.61749136,0.911592909522,2456.10106985,2261.98182665,134.596350456,0.000438377350108,45.0084781508,35997.400636,664.197223909,0.513140103375,640.978522839,22.7055609669,21.6903794352,305.118953418,0.307856819392,0.0948513347589,0.135675602119,0.0773298825147,36196.5187068,1023716194380,107028431790,688815740624,227872021963,178421154404,56847128073.9,121574026330,41660474109.7,38838531554.2,26773443268.5,0,11944440371.5,2942590469.69,4636.08638287,1147.79128696,0.0167387279112,0.0180549627821,2.28004114077,2.49704797247,1.14626776653,0.363661539042,0.360927121379,0.368423860146,0.356571443001,0.000519391241574,-0.000284019528595,-0.000533909228171,-0.0000362730827209,-0.00115477587045,-0.00148958646836,409.44674626,2.48352383491,1.95125707956,0.556801074363,1.85540266109,0.971608834762,7769.06125971,114109.659299,36154.2405607,150263.89986,2634.52572934,3540.52861271,493.462430902,21755.4483928,5295.65546727,7518.32322182,883.333269736,1693.97486502,121.03229942,125.629523258,53.722832853,125.780825419,100.056199816,300.384655531,27544.5662909,127.824135419,10095.6313566
1993,35455.3502074,0.0579111050263,63422.7574747,0.0381375354199,0.695429526992,5419.49227305,10043.8596057,19991.9983287,8886.42304059,2030.57718702,137.545893136,0.0634400760707,0.425706348191,0.207255234418,0.367038417392,4.68465751487,6.35376431164,11.3656542844,131.906349199,2204.51065658,1740.32409815,971.600159248,170.984830243,232.531810869,128.353836096,8.32691636858,6.61084449878,4.5920290457,7.16696821152,3.62068196509,7.49884194857,13.1502398559,5580.21174038,3.12171681614,135.47464251,50.9753310844,72.3110835323,4205.48067872,9965.42902042,4279.23236762,736.995356317,1726.05906036,1463.24183467,3403380870530,835.294280766,837.609957229,266.646596754,0.0615909084394,76.9768277537,23.6712143845,100.648042138,31955.3178786,9766.74765088,14323.1002033,7865.47002446,2713.50329904,0.870939216764,2515.5859993,2346.25595967,150.232662396,0.000454694279959,46.8136981277,37015.0771373,682.324680267,0.490255941062,656.491115509,25.343308817,22.4977213281,316.470563304,0.315383001484,0.0970142289205,0.139118078557,0.0792506940061,37168.1384227,1028703580900,104651934430,709406410518,214645235947,180092495202,57178953418.7,122913541783,39221321641.6,37793919164.8,26090765497.9,0,10754103607.1,2376452536.58,4636.08502087,1173.1412048,0.0162197864277,0.0174341019805,2.33243406022,2.56031466247,1.1751481066,0.364760129181,0.362424068452,0.369435669174,0.357292670344,0.000712065841895,-0.0000122065723235,-0.000344183235557,0.000110700410848,-0.000814176450181,-0.000347800005319,411.242782065,2.4242840895,1.93929482367,0.534659371567,1.82091853706,0.97854241013,8179.9736034,117593.066086,37964.5999864,155557.666073,2719.89390217,3686.20540194,522.006940243,22283.9288459,5175.17733274,7581.75996656,893.418057086,1704.62653126,121.578068124,126.453726664,54.5459519308,124.506702477,100.807117486,302.577746719,27981.1131188,126.550012477,10179.8045549
1994,37606.9199212,0.0586034004269,65652.7738723,0.0356765626614,0.689719455933,5840.80157798,10992.9608466,20773.1574967,9113.16153668,2069.5836747,135.084463413,0.0612720168979,0.419589432616,0.208303539609,0.372107027774,4.61267006086,6.63972992176,11.5913956272,131.667999511,2223.86594249,1766.29614453,998.139789171,172.761993303,240.563520358,130.627746721,8.12351709856,6.48811122151,4.60625184706,7.2795730116,3.60719443558,7.66706369239,13.312394703,5663.92313608,3.07940488041,135.137872509,51.0948258532,72.6331859797,4200.06709785,10133.6105657,4356.99291149,751.70912425,1736.96896762,1466.60494433,3446748438810,856.33455984,854.743575824,269.496321812,0.0619541577483,78.1621277839,23.7271161836,101.889243968,32767.3380651,9996.23985375,14736.7221152,8034.37609613,2784.89689328,0.8302847115,2570.19083529,2422.8246489,164.87034203,0.000474647834832,49.0054312482,37975.0596073,699.331507363,0.467371321386,671.051542387,27.8125936544,23.4849990152,327.238024538,0.322527899247,0.0989701199022,0.142734245294,0.080823534051,38090.8803503,1035113639500,102192892972,729496245651,203424500876,179883174186,56395559058.6,123487615127,39852286547.4,37078042602.1,25779046548.1,0,10984969674.5,3088270324.86,4636.08375692,1196.93514002,0.0157664875137,0.016938263276,2.37983489928,2.62679318325,1.19880156867,0.365743296346,0.363609375325,0.370453248089,0.357863019548,0.00157943827701,0.000288151247278,-0.000147155871144,0.000279652373161,-0.000463374778291,0.00153671124802,413.452507241,2.2000598603,2.19501066763,0.826842258017,1.79116766979,0.995303046754,8627.11370657,121228.809397,39965.012051,161193.821448,2812.07496848,3841.99911892,553.258016059,22787.1098633,5027.64560056,7646.59564502,903.642264845,1712.58604464,121.943273588,127.304930337,55.3642215554,122.951751691,124.5720824,304.61242548,28368.0134799,124.995061691,10262.8239545
1995,39865.0349347,0.058283735429,67687.0758272,0.0320478803773,0.683664148749,6301.63201498,11952.6343357,21610.7685839,9377.57863108,2109.50186583,133.262873111,0.0594190156446,0.414679598174,0.209144977565,0.376175424261,4.55613758185,6.93643201812,11.7774084671,131.520258585,2243.97158618,1789.36458245,1026.070324,174.616991563,247.943083228,133.709258459,7.9215762857,6.36221712593,4.60999173832,7.39486866788,3.59176370778,7.80748470474,13.5486177187,5747.19608446,3.03882419892,134.999297701,51.2531038097,72.9622413103,4194.81268025,10299.393078,4435.50351572,766.707395599,1741.13335007,1470.05966949,3483920175020,876.065405836,872.394648463,271.858023392,0.0623407911877,79.3746074439,23.7784205714,103.153028015,33534.5769944,10200.8688855,15160.719813,8172.98829593,2854.68060667,1.44580903644,2621.14644303,2494.80310183,179.691085645,0.00050607152888,52.3972689488,38884.0607029,715.752970372,0.813852971726,684.626357162,30.3127602384,25.0398052729,337.342270463,0.329158848898,0.100667487568,0.1464276442,0.0820637171312,38950.8009107,1029489399160,98202604508.5,740054382569,191232412086,175400533611,54097104041.9,121303429569,44768742617,35682376890.1,24875067039.6,4842305376,11179401183.9,3871969017.52,5297.15941125,1219.1184363,0.015209541653,0.0163981159639,2.42115822929,2.69487761683,1.21753513116,0.36676661613,0.364796309862,0.371450426174,0.358535524516,0.00270008995555,0.000632617281068,0.0000613977503455,0.000479717647859,-0.000102072739645,0.00377174989518,415.876244595,2.12592707238,2.38759084134,1.04551768369,1.78413070261,1.01077351106,9086.87275747,125018.103395,42171.8491491,167189.952544,2910.12884088,3993.43651706,585.648017759,23255.1098429,4963.87016969,7708.38351099,914.371387598,1717.20522897,122.078999508,127.994818198,56.178205406,121.102256077,147.637982093,306.252023112,28804.6280303,123.145566077,10339.9601276
1996,42058.2781473,0.0548034936096,69286.8937034,0.0260305764284,0.68084550734,6774.81819741,12813.6426181,22469.8173318,9683.90557794,2148.52176262,135.765233039,0.0594344026374,0.411916781108,0.209618463825,0.378464755068,4.52482348028,7.21380040864,11.8840295925,131.624548274,2264.4002352,1811.29501836,1053.77607843,177.267111103,254.576974652,137.312572838,7.740315796,6.24099520813,4.60942359397,7.50611299874,3.59045113418,7.92167464397,13.834380184,5830.25253886,2.99990247532,135.151747539,51.4716945235,73.2799119564,4189.54169491,10460.0263014,4514.4278852,781.822660785,1739.42346645,1473.65951962,3508497376580,893.895144533,890.124736722,273.279189455,0.0627308966752,80.6423190926,23.8238898549,104.466208948,34229.8098018,10382.4661971,15559.7044544,8287.63915029,2918.79893271,3.16862159482,2666.48213062,2561.99575422,193.456384582,0.000536351213952,55.6917959082,39710.6044887,731.076674975,1.78363257957,696.658162477,32.6348799183,26.5380073543,346.696900558,0.335013375692,0.10213272127,0.149850911373,0.0830297430494,39683.6836695,998620045713,98274843029.2,712852628475,187492574209,165517951788,49508340156.6,116009611631,43153655772.7,35066035172.7,22904335660.1,7539284858.89,10006970902.9,2703064350.76,5387.76388232,1238.78022223,0.014412827482,0.0155417522579,2.45656557603,2.75864167543,1.23202616667,0.367828045767,0.365963795394,0.372471278965,0.359335099029,0.00384891647034,0.00100861748429,0.000278418131156,0.00070021393994,0.000273059550202,0.00610922557592,418.283409264,2.13633683893,2.5028641671,1.15592946125,1.79995070422,1.02404557572,9539.68883157,128950.964593,44592.1823407,173543.146934,3013.83398328,4130.54182582,617.831307692,23669.4258783,4993.94577301,7766.3654658,926.138754525,1717.52145277,121.964857735,128.475457211,56.9900730519,118.967987502,165.671184771,307.430387997,29281.202959,121.011297502,10410.0256731
1997,44176.2847747,0.0509322890629,70634.0352752,0.0216015441265,0.687015415012,7199.84145001,13529.5850716,23446.8582532,10026.0791842,2188.00138227,140.680712767,0.060412158906,0.410352448073,0.209886556203,0.379760995725,4.50725367215,7.47072304816,11.9450360755,131.94285956,2284.79830947,1831.95696241,1082.19832225,180.660903749,260.643510655,141.053376497,7.59008670609,6.13483370894,4.60926169344,7.62462962786,3.60740402348,8.0208842723,14.141626875,5913.2542446,2.96257039467,135.462357239,51.7670959061,73.5689865611,4184.2087128,10620.0989502,4593.24001404,796.859586879,1744.33943095,1477.38573674,3525931106950,911.951714214,907.537568601,274.174193547,0.063103665816,81.9498484102,23.869108488,105.818956898,34872.9709887,10573.834216,15893.5496329,8405.58713975,2967.65140436,6.05212511223,2703.30549244,2628.42101635,202.801367649,0.000532838236639,55.4924191565,40469.0434094,744.065325835,3.40677080009,706.447235027,34.2113200077,26.3641894989,355.924886671,0.34035397248,0.103738538249,0.152609871566,0.0840055626647,40342.281115,972138656383,103509075372,676057163417,192572417595,156387837615,45212666868.6,111175170746,37469602664.8,36097095051.9,20371494464.5,9165285166.67,7774722331.85,158100701.814,4774.43090428,1254.77704431,0.013763034387,0.0148045534992,2.49479388132,2.81023480721,1.2464163207,0.368859204564,0.366939845307,0.373617384414,0.360215594577,0.00500725173469,0.00140870183596,0.000502054329008,0.00093567412837,0.000666579514031,0.00852026154205,420.479856723,2.15495970208,2.5927359378,1.24660258667,1.80464313632,1.03670167615,9963.35102328,133007.531822,47222.5855931,180230.117415,3123.0038707,4243.16908817,648.253011646,24050.3269901,4988.26397231,7825.37232358,938.496793635,1715.73526267,121.895606721,128.946692733,57.8014055357,116.832388236,182.760308387,308.64370499,29686.843974,118.875698236,10479.6043799
1998,46338.1796823,0.048966928766,72093.7686648,0.0211402424768,0.702187341258,7558.81206427,14139.4401993,24639.9274187,10396.1880394,2230.56350317,142.270505765,0.0599580523667,0.408368961092,0.210226482375,0.381404556533,4.48514422629,7.72780737293,12.0230609154,132.42453759,2304.60294394,1852.6785805,1111.07424882,183.901656546,266.300934536,145.307824026,7.46668256261,6.04327763932,4.61326572847,7.75114246463,3.62709119122,8.11239507917,14.4997268183,5996.29072596,2.92676179673,135.992334437,52.1632151246,73.8303493155,4178.92308216,10782.9390364,4671.68357891,811.798831094,1757.17313895,1481.12510099,3545112678670,930.386096125,924.820816102,275.27452974,0.0634568264097,83.2386806455,23.9144448064,107.153125452,35527.0956856,10806.630098,16173.85339,8546.61219767,3002.71209689,10.097884286,2732.26518581,2683.60039315,207.328552457,0.000507549857709,53.0204743361,41213.4081756,754.852167306,5.6841484091,714.192991179,34.9750277184,25.1129511898,363.650388023,0.34581612869,0.105805764267,0.154827679108,0.0851826853148,41032.9250639,974328994355,114491166454,654582196124,205255631777,154032109554,43057691785.9,110974417768,35860027679.3,31651415862.1,18370106839.6,11659491653.3,5830429186.37,0,4224.5272101,1267.43477898,0.0135147463144,0.0144511856876,2.54355053218,2.85152409429,1.26359868381,0.369842624034,0.367691388292,0.374840096425,0.361197863132,0.00619583547915,0.0018320345433,0.000732190581888,0.00118557743374,0.00107679578539,0.0110224338235,422.553838089,2.16187522424,2.67946099429,1.34615039929,1.79839187261,1.0494824357,10337.1930909,137158.11953,50047.3020621,187205.421592,3237.05002444,4322.94837738,675.42539181,24445.3749022,4939.53435699,7884.3676087,950.616701514,1715.3895044,122.192194995,129.421808512,58.6130779473,114.962196021,201.57518993,310.227081455,30060.334651,117.005506021,10550.3738146
1999,48684.0262865,0.0493386956666,74022.2524602,0.0248791157327,0.724547002438,7839.66394982,14692.2990047,26152.063332,10791.1471802,2273.50738315,143.423238225,0.0593410654639,0.404530341103,0.210884337664,0.384585321233,4.44289432097,8.00824229026,12.1762347486,132.837631101,2321.73768418,1878.14065476,1138.37496098,186.731673093,271.504088828,149.913235352,7.35199238974,5.9528196465,4.6291980265,7.86889854734,3.64043260194,8.19147035318,14.8947362957,6079.23992831,2.89241352129,136.150446781,52.5762450322,74.0809103094,4173.72254783,10953.0393061,4749.72486567,826.790950323,1776.88298125,1484.79312296,3573620058270,948.795630236,942.719467124,277.25303245,0.0638066849125,84.4660633687,23.9589156973,108.424979066,36289.0594175,11124.7815607,16429.2155993,8735.06225745,3029.60313971,15.5937790429,2755.05111381,2713.69905079,208.137766772,0.000485021928477,50.8204800848,42032.361608,764.22170043,8.77781442404,720.332348903,35.111537103,23.9982965827,367.989437954,0.352348754817,0.108773685346,0.156797610334,0.0867774591369,41858.2556844,1000503365700,132074305975,643980981521,224448078207,158659705737,42195901085,116463804652,34684842829.3,28355187077.7,16211096422.7,14118322423.5,4355423983.05,0,3844.75800118,1277.46741616,0.0135162512954,0.0143678874968,2.61337451493,2.88804549656,1.28683174682,0.370770755159,0.3681884409,0.376043910931,0.36237779303,0.00741564233244,0.00227979822953,0.000969266664786,0.00145069563299,0.0015012032097,0.0136166060695,424.854602068,2.17016043831,2.76051130941,1.44118129023,1.79361326727,1.06230499091,10656.8944548,141369.452195,53041.2870072,194410.739202,3355.06226484,4371.01379171,698.942444735,24925.9701547,4891.28978612,7941.37196147,961.702890566,1721.44713027,123.290372815,129.864887197,59.4238972163,113.689046008,221.8727492,312.579157228,30516.2023856,115.732356008,10624.5219823
2000,51269.7418561,0.0510693728154,76607.3972591,0.0314268503538,0.750383866016,8056.78509883,15212.4256201,28000.5311371,11207.9807749,2315.40395769,145.421316263,0.0590945313355,0.398265047535,0.211958071591,0.389776880875,4.37547988457,8.32054574138,12.4325836243,132.970005856,2337.11612288,1906.2096125,1165.07645291,189.122979158,276.691883016,154.637353962,7.21578540749,5.85287558683,4.64918760985,7.97525444827,3.64253639092,8.26243143266,15.2973556218,6161.82441028,2.85946499584,136.193358804,52.9330726059,74.3433969539,4168.56090325,11131.3483985,4827.41233826,842.068609918,1803.4215516,1488.33399825,3614467539620,967.280410622,962.253688943,280.412395177,0.0641782511895,85.6027497422,24.0027893355,109.605539078,37214.6483446,11566.5446898,16660.7384476,8987.36520719,3049.59149539,22.7299887122,2769.76856666,2731.4323802,208.283850955,0.000464520757885,48.8090890704,42995.6722202,772.289656558,12.7948217189,724.35865425,35.1361805893,22.9839235343,370.646324243,0.360497886349,0.113047614764,0.158561837519,0.0888884340671,42866.4668025,1031549389190,156554906245,629302701161,245691781782,174527021715,40138051339.9,134388970375,35023178889.8,30164767591.9,12703226078,16294992152.8,6024960659.03,0,3552.17720511,1284.04700681,0.0134654018554,0.0143163372587,2.71401166545,2.92083834967,1.31768816275,0.371632509131,0.368336483441,0.377161742628,0.363990153336,0.00865051540685,0.00275166562863,0.00121330875558,0.00173076772531,0.00194574255479,0.0162920000712,427.845926956,2.18988026117,2.83107190239,1.51642266177,1.79961537595,1.07497660253,10942.5670758,145616.5259,56179.9466638,201796.472564,3476.24526563,4400.96263915,720.081560947,25536.0404055,4879.11612339,7995.97096985,971.390781785,1736.88023255,125.533822455,130.285406584,60.2311513839,113.203550194,242.683495108,316.050380424,31135.2380899,115.246860194,10704.2419842
2001,54141.7757922,0.0534349728134,79953.0708763,0.0391395364359,0.773801328325,8269.19350333,15728.621404,30143.9608849,11642.0834542,2355.93707847,148.438963485,0.0592718349794,0.389512243682,0.213458110231,0.397029646087,4.28457053943,8.67082870941,12.8045187328,133.124957438,2345.25580009,1941.08525932,1192.05689251,190.919864626,282.088992566,159.597555647,7.06221353755,5.71949598593,4.67625762806,8.0683410442,3.62637114992,8.32433052393,15.7067926881,6244.1293222,2.82785777088,136.33442415,53.2091564931,74.6413055323,4163.33375163,11318.2092538,4905.352021,857.966138969,1833.82181395,1491.72554833,3668626361440,986.147733012,984.474966348,284.855547043,0.0646000881208,86.6368126239,24.0467951414,110.683607765,38303.1378613,12131.6102462,16869.2784583,9302.24915684,3077.06268613,31.9459128846,2778.89420152,2753.8470053,218.654269132,0.000451631301348,47.5683025979,44134.0475528,781.767803983,17.9825104702,726.899688356,36.8856051568,22.3461688626,373.906336712,0.370241586177,0.118593726367,0.160163255085,0.0914846047246,44076.7965547,1074031961890,169720106454,638486802397,265825053037,175831873208,51075562204.2,124756311004,51088486352.9,35467856618.3,14838714186.8,21869124823.6,12208058939.2,2172588403.27,3325.2026032,1288.19944007,0.0134332796741,0.0145158690234,2.84632946244,2.95027515239,1.35579565622,0.372436002462,0.368263973348,0.378105690054,0.366051720564,0.00986889736841,0.00324569969936,0.00146387760804,0.00202456044376,0.00240727014504,0.0190103052646,431.956410485,2.23557570865,2.88324439207,1.55463265167,1.82614903325,1.08716959398,11233.8427006,149892.971096,59451.236173,209344.207269,3600.27048903,4434.390571,741.527882773,26274.057319,4942.84017468,8048.66692095,979.664491583,1760.85622174,128.886559402,130.709962203,61.0356727853,113.39646373,261.978124998,320.63219439,31958.4253765,115.43977373,10789.1876343
2002,57254.4154268,0.0550586425138,83917.8450525,0.045324344051,0.790032128282,8546.77280053,16266.8994778,32440.7431485,12087.7799401,2395.64566516,152.104211415,0.0597013909464,0.379199030037,0.215225568891,0.405575401072,4.18246656324,9.05013834054,13.2647954101,133.38172733,2352.42561895,1972.71759108,1223.74241833,191.782928662,287.526653262,164.781099417,6.88816955068,5.55663763401,4.68687051577,8.16834653852,3.58370968858,8.36690275788,16.1168203994,6326.35803703,2.79753509799,136.543188616,53.3785265769,74.9907468284,4157.815074,11515.1126246,4984.32714468,874.786370281,1857.31574597,1495.06928817,3732853460620,1005.37227885,1010.12459739,290.235001631,0.0650951104253,87.6227707982,24.0908571019,111.7136279,39505.8681507,12741.2387326,17110.7907903,9653.83862772,3141.45581088,45.0831529922,2805.38279276,2774.90394067,238.51715631,0.00049699497104,52.4727088149,45422.2279022,799.589769582,25.3775271234,733.975892692,40.2363497666,24.5907082028,376.972413409,0.380977254419,0.124369531778,0.162064760241,0.0945429623996,45434.4304049,1123868026830,170524751314,668807646742,284535628774,165722836173,69823874440.1,95898961732.4,71753316501.8,35717440521.2,23088569545.6,28575313141.6,15306484619.6,4782949195,3164.2679033,1299.76302602,0.0133924795867,0.0146731458974,2.98550426844,2.98489232887,1.40082090865,0.373306079805,0.368807848527,0.378925822772,0.367598160431,0.0110693560231,0.00375881637949,0.00172018211594,0.00232983405364,0.00283725227477,0.021715440847,437.449893632,2.2903182676,2.92984156257,1.54631591496,1.88825478526,1.09923800883,11579.1710183,154215.341293,62865.2617143,217080.603008,3727.61160912,4494.17791435,766.674202302,27080.3024654,5144.50832156,8100.69897316,987.069303679,1787.13983224,132.535594024,131.135772529,61.8394493685,113.725410884,281.193415922,325.510815922,32991.4849893,115.768720884,10874.9081091
2003,60516.7878604,0.0552538597544,88195.8339758,0.0481581112731,0.797434933059,8935.62351225,16845.2081457,34735.9562025,12539.6353108,2435.32366494,155.794109024,0.0601262167971,0.368657290074,0.217032191952,0.414310517975,4.08384795373,9.4429078793,13.7618859992,133.718302008,2359.09285546,1997.41939684,1263.26698074,192.267536079,292.677541091,170.259943605,6.69084388599,5.36706022225,4.66920021246,8.29325458427,3.52259810009,8.37896793137,16.5293318854,6408.70255581,2.76844171083,136.829168195,53.4508001278,75.3935372154,4151.86476195,11722.5067851,5065.28595173,892.677487406,1877.57239668,1498.49788417,3800063031860,1028.19186422,1039.00816385,295.95154737,0.0656715832935,88.6241571035,24.1421794683,112.766336572,40766.3649852,13344.5481526,17391.8347214,10029.9821112,3241.44516226,62.7855944519,2856.22919212,2788.58080168,261.46034349,0.000575950850411,60.970032197,46796.3909492,826.836823053,35.3423179261,747.38778344,44.1067216863,28.4973493232,378.980892994,0.392022054045,0.129817201884,0.16429123681,0.0979136153512,46849.4245775,1154836741210,165238136981,693142341460,296456262770,160088360535,81498335842.1,78590024692.6,92086835277.4,34774112388.1,32532275110.8,35378138721.2,16222599563.5,7953821881.99,2991.59561288,1321.68007985,0.0130940055686,0.0145324062498,3.1173928831,3.02562747059,1.45066351829,0.374363922724,0.370061691765,0.379763892898,0.368773387346,0.0122172756313,0.00428887242924,0.00198167690743,0.00264506839659,0.0032211458499,0.0243540392144,444.17691169,2.38211618531,2.95603553934,1.51085134604,1.9530442115,1.11061525159,12020.8570683,158620.11552,66458.1277979,225078.243318,3859.32876742,4596.85494821,798.591151135,27898.0163929,5371.15532355,8161.32529297,994.353246751,1811.4469541,135.996613673,131.829960175,62.6443579226,113.865067527,296.679584613,330.47093177,34067.7628676,115.908377527,10967.1254938
2004,63956.9269746,0.0552155487029,92450.2048348,0.0471159003339,0.796897794229,9455.58000716,17491.3782009,37009.9687666,12993.8307336,2475.62727176,159.074027429,0.0603764940936,0.359013092962,0.218684995849,0.422301911189,3.99883182388,9.8527508159,14.2422232306,134.068436931,2365.65337796,2020.59373152,1304.37160369,193.366340018,297.276283783,175.946436118,6.47427495434,5.15855310131,4.63556097203,8.4097919479,3.46228197105,8.35592578302,16.9386127704,6491.27621003,2.74052391496,137.04444512,53.4249006405,75.8387597836,4145.58315574,11939.5365447,5150.93082947,911.610921195,1889.08863454,1502.13182975,3864630769080,1055.74365155,1068.28590853,301.422735387,0.0663228521942,89.7031603522,24.20278831,113.905948662,42006.8224092,13897.7791412,17695.2612121,10413.7820559,3378.26245819,85.3776140536,2934.49292048,2797.19237381,284.180382855,0.000699022803138,74.2115408006,48182.2772412,863.96578184,48.0594761584,767.966855714,47.9394499677,34.5868002308,380.285590626,0.402641354942,0.13457429977,0.166677459615,0.101389595557,48231.4237435,1154058692540,153540945954,701606908474,298910838111,153490560301,86108613706.8,67381946594.3,113697149031,36285011316.5,44521484386.4,41231105907.3,15924773339.4,12019785397.9,2824.73191532,1355.30939008,0.0124830301307,0.0141053322188,3.23327688144,3.06960180393,1.5023117688,0.375581292922,0.371779790003,0.380596720897,0.36975801309,0.0133152688814,0.00483048614757,0.0022468419922,0.00296674722815,0.00355146341415,0.0269108076635,450.883711244,2.47038920555,2.9780214522,1.49056413423,1.99100564615,1.1217778778,12580.5103875,163153.686887,70287.5630694,233441.249956,3997.13562952,4746.59727019,838.978953917,28673.2743343,5510.9187678,8234.6314982,1002.12003909,1830.31170626,138.925286908,132.873324303,63.4515062502,113.586370481,311.357284943,335.250117461,35023.172056,115.629680481,11067.0632436
2005,67442.6035823,0.0536432369721,96064.8787324,0.0408740772946,0.790910085429,10101.1634604,18233.5289575,39107.9111643,13448.9724183,2516.65374703,161.702999924,0.0603739588119,0.351912195843,0.2199019339,0.428185870257,3.93946952976,10.2588974243,14.6127178467,134.327593872,2372.267674,2045.00746378,1343.88866604,195.198738143,301.628009879,181.741501538,6.24683444889,4.94520381234,4.59811358444,8.50235403318,3.41069991407,8.31342445534,17.3422984311,6574.05964725,2.71373004749,137.156785873,53.3466604812,76.3005178763,4139.14954213,12161.2707444,5240.15929977,931.298959274,1885.68289411,1506.11081308,3916383795910,1087.17316634,1097.62553102,305.679317866,0.0670216987647,90.9368727398,24.2702034096,115.207076149,43101.6900165,14343.8234378,17984.2876849,10773.5788938,3556.59061036,112.245117987,3046.21833537,2807.87800082,303.872821255,0.000885067196675,94.2543357452,49466.1586277,911.750402181,63.1833254138,797.305635831,51.2614409367,43.7920511102,381.86792241,0.411657863699,0.138139325911,0.168876083627,0.104642454161,49435.2245857,1110089510570,133935846464,687167990610,288985673501,140772617645,84850341981.2,55922275663.7,138382414898,43543647312.6,61182209183.9,44686401012.8,14282433685.1,18231371016.6,2669.0952628,1403.2533851,0.0115556228793,0.0134494061704,3.32121647952,3.11052213857,1.55095476441,0.376929721845,0.3738092975,0.381379575666,0.370641957213,0.0143884429093,0.00538396358794,0.00251581125106,0.00329524969028,0.00381318784583,0.0293966552844,457.433214335,2.55561895224,2.99873739805,1.48762529039,2.00924775235,1.13283748172,13251.5300997,167858.918768,74420.9796698,242279.898438,4142.79190381,4934.01760703,887.56954368,29321.3428868,5585.91084261,8320.22191831,1011.20463198,1838.61283441,140.842872641,134.181740715,64.2607051834,112.574696698,326.062048368,339.28531854,35794.8232731,114.618006698,11170.0393847
2006,70895.7158535,0.0510669253625,98845.31565,0.0324300021939,0.783298589529,10846.5561531,19089.1718989,40959.9878015,13906.3084924,2558.13003717,163.827964933,0.0601875432341,0.347536425426,0.220651844993,0.43181172958,3.90426958453,10.6499709719,14.8485663725,134.518687582,2378.84399392,2069.96478172,1380.9705668,199.148303968,306.15216402,187.294374351,6.02663206862,4.74311102226,4.56280522579,8.57581080847,3.39398072088,8.27433851442,17.720784983,6656.89287236,2.68801136651,137.239314971,53.2921437556,76.7464044742,4132.71082509,12390.7003315,5330.58659911,951.264629656,1875.46197912,1510.52344234,3952713943380,1122.33365674,1127.03243182,308.520254742,0.0677275812734,92.3734346591,24.3435617162,116.716996375,43993.1576535,14672.9057861,18229.4991628,11090.7527045,3772.5668985,144.193185442,3186.3376492,2823.42680474,321.089630142,0.00113182716693,120.946433715,50589.1513567,969.422284002,81.1670487019,834.089426581,54.1658087187,56.0014350645,384.118803305,0.418621726,0.14059434874,0.170593226756,0.107434150504,50427.0897978,1052949724950,127900572514,651870632080,273178520358,126082978004,56134973375.8,69948004628.2,158870747574,43767891869.1,66986249869.7,55623526176.1,15218073323.4,21042898204.7,2543.09051226,1463.36365121,0.0106524999999,0.0127025580943,3.38112880504,3.14288020914,1.59287784937,0.378325723955,0.375708279197,0.382158546391,0.371638902052,0.0154488293847,0.0059484947807,0.00278838678415,0.00363008116476,0.0040144340238,0.0318302261381,463.844040513,2.62589020555,3.02074987662,1.50773779837,2.00153908154,1.14386219367,13993.6978652,172761.680224,78917.9825163,251679.66274,4297.66211519,5136.42421714,941.665904276,29816.5640588,5569.88622637,8418.71374985,1021.6677015,1835.84508974,141.778573611,135.731473148,65.0703907876,110.843987764,341.71233367,342.580437546,36328.1161894,112.887297764,11276.2265411
2007,74351.4794494,0.0487090753621,100974.953295,0.0249959509866,0.77748986767,11655.7247736,20094.3881463,42601.3665295,14369.201815,2600.41948933,165.317281109,0.0597733243726,0.34510906398,0.221067841516,0.433823094504,3.88519994771,11.0317671134,14.9819771884,134.6868263,2385.32983282,2095.69512061,1414.57494789,206.465509091,310.468894744,192.540385007,5.82797296209,4.56292311079,4.53495640744,8.63438380736,3.43521947974,8.24068355351,18.0743911515,6739.76151646,2.66332255917,137.313208362,53.3169690011,77.1539225764,4126.49315136,12626.9132718,5420.49020495,971.116801756,1870.61429957,1515.27812342,3977535947310,1160.25212343,1156.32743811,310.309769186,0.0684072515283,93.9646295338,24.4203785096,118.385008043,44758.3957025,14970.3250866,18413.8247174,11374.2458985,3992.56509056,186.394968286,3315.28528458,2825.9555891,341.620503076,0.00139121457273,149.264334618,51576.9163822,1030.51958069,104.922638489,867.967703863,57.6292383401,68.8356092095,384.610397932,0.424360759655,0.143007195065,0.171625602005,0.109727962585,51260.0489702,996965744927,130650682409,608761167603,257553894915,115750014500,31004793311.3,84745221188.5,171165437077,35141279659.7,62343280102.4,70259775436.9,17090779308.6,21471602228.6,2454.58653661,1518.72586976,0.00987339644529,0.0119165438794,3.43901559398,3.16270585332,1.62737689431,0.379701046486,0.376856355283,0.383140611959,0.373170924438,0.0165156499904,0.00652538776498,0.00306500577756,0.00397268350248,0.00423929404703,0.0343180210824,470.049328993,2.68127270017,3.04357221437,1.56128369991,1.96384937863,1.15486756454,14741.737691,177860.242068,83810.4308103,261670.672878,4462.27482543,5323.97813548,996.666269188,30235.2866782,5439.66502185,8526.56821857,1033.11564348,1828.57471962,142.604166668,137.435272641,65.8804226087,108.879186372,358.809687991,345.919861918,36671.6179692,110.922496372,11388.2585817
2008,77905.6801546,0.0474354035278,102820.067464,0.0205747524428,0.776102796473,12481.7788247,21306.7128442,44117.1884857,14843.150956,2643.59693688,165.879397535,0.0590428171623,0.343519523211,0.221340253947,0.435140222843,3.87288948273,11.4186541912,15.0703619038,134.862784131,2391.73413231,2119.67987202,1448.12284465,215.907852757,314.370278025,197.989675721,5.65582540178,4.40785910493,4.51210659284,8.70115312402,3.51822701031,8.21054054196,18.450634115,6822.66743962,2.6396215152,137.431977747,53.479945766,77.5150392929,4120.62407606,12867.2288798,5509.15913247,990.641987346,1873.26358342,1520.21046998,3997277160730,1197.30202982,1185.19963741,311.647073933,0.0690435927626,95.6267679044,24.4932713834,120.120039288,45440.6962081,15270.1416147,18541.2876458,11629.2669475,4210.27541476,241.342165256,3426.1726849,2812.29091943,365.188898359,0.00164765457407,177.571666246,52463.2625422,1094.60499392,135.852684169,897.147230797,61.6050789494,81.5239493574,382.92071631,0.429263326911,0.145611875693,0.172041171007,0.11161028021,52023.6234529,955712350814,134765058151,574820718481,246126574182,107860810086,18777519756.9,89083290329.5,185250243024,26334931929,58164694588.7,87958661586.8,18741194100.5,20385692748.2,2363.18748281,1566.40962104,0.00929499828569,0.0113528181274,3.5013260184,3.17094084856,1.65562629023,0.381086610697,0.377527653917,0.384300114307,0.375103090255,0.0176066372933,0.0071158399645,0.00334608281718,0.00432437267016,0.00450197617327,0.0368949089184,475.931492048,2.71641372045,3.0702029324,1.62870442795,1.91978108355,1.16597066366,15429.4956205,183124.629605,89090.5138041,272215.143409,4636.11916204,5471.33332116,1047.75168008,30606.7574711,5275.20924831,8633.19907604,1044.98545648,1818.87433293,143.539554326,139.006232269,66.6908188284,106.82474752,378.537006682,349.236605423,36929.7183994,108.86805752,11497.0588654
2009,81880.4452141,0.049236233307,105014.039688,0.0212212616102,0.77923900349,13298.0359605,22837.0798588,45745.3293949,15336.2582075,2687.46525976,165.289115383,0.0579401846944,0.34108288311,0.221757840627,0.437159276263,3.85429128423,11.8573917764,15.207447973,135.064240965,2398.11067898,2141.66172579,1481.99886149,226.677446708,318.51432733,203.407468483,5.50701683765,4.273785121,4.49214510904,8.77933968719,3.62675985269,8.19671731964,18.8344696716,6905.43474975,2.61686853955,137.572700131,53.7436462272,77.837984472,4115.08509264,13113.79895,5597.02143327,1009.85824231,1887.00839199,1525.14492903,4021978081950,1230.65587613,1213.27277276,313.507998379,0.069641621847,97.2665147599,24.5571666763,121.823681436,46115.6816841,15602.2974969,18640.13608,11873.2481072,4435.46765135,312.995466251,3525.81154231,2785.82903436,391.860554458,0.0018912799246,204.800088334,53336.9783698,1165.68244106,176.186677441,923.391343404,66.1044202136,93.5782361304,379.486642186,0.434068776951,0.148629842912,0.172137206808,0.113301727231,52866.7000972,947848610820,142921151987,561720044866,243207413966,105078930731,14248023998.1,90830906732.9,206419843020,18740052354.2,56572261253.6,110905664249,20547009405,18394908112,2274.81297414,1609.29646224,0.00902592275888,0.0111700160253,3.57311084233,3.17286989604,1.68079371074,0.382465781641,0.377907087085,0.385594859484,0.377255442,0.0187176634427,0.0077215859399,0.0036322080343,0.00468632194741,0.00478828603817,0.0395460654024,481.36505728,2.75098331482,3.09304771122,1.68766687966,1.88574030934,1.17691055496,16013.8953389,188506.53283,94713.3757683,283219.908598,4817.71886816,5566.57958147,1091.64090124,30982.1554521,5135.89763022,8729.82274175,1056.36684279,1809.7494737,144.818579465,140.234114287,67.499860121,104.860791245,398.944869484,352.552553873,37209.6939836,106.904101245,11595.9390582
2010,86589.6316392,0.053963738729,107991.813856,0.0259528379517,0.784692374155,14107.4740771,24819.8261019,47662.3314603,15859.6708835,2731.63290183,163.752731192,0.0565564494501,0.336788837452,0.222493745889,0.440717416659,3.8223215344,12.3911620527,15.4538602432,135.285754251,2404.53617307,2162.85473925,1514.41512665,238.967106962,322.986258163,208.970273193,5.37075837126,4.15112176313,4.47345424808,8.85319105741,3.75760439686,8.19596793941,19.2316115999,6988.01543154,2.59502517738,137.74897601,54.0723003483,78.1437938211,4109.75076878,13364.6396404,5685.647847,1029.05312423,1910.89050939,1529.93544732,4059045605570,1258.5747907,1240.35729345,316.503875316,0.0702268336766,98.8037290755,24.6094563515,123.413185427,46867.7091488,15999.7200694,18741.7055878,12126.2834916,4678.80616342,407.512629983,3620.46727791,2748.9299789,422.072763106,0.00210208148544,228.753492424,54295.4452912,1248.9668469,229.390850775,948.374965615,71.2010305088,104.008441612,374.664469364,0.439621053906,0.152368898517,0.172222910804,0.115029244585,53884.5309551,967237966933,155252815202,565166381428,246818770303,107673775173,14569187298.1,93104587874.9,235825435440,11549178560,56857263669.6,141248259688,22517675872.3,15202236209.9,2191.28344527,1650.12347188,0.00895658598921,0.0112472653024,3.66182589008,3.17432318244,1.70632951811,0.383793613697,0.378023289598,0.387036530047,0.379508886869,0.0198731362297,0.00834330770554,0.00392366260401,0.00505881779112,0.00508584581807,0.0422847701484,486.295314233,2.76402115925,3.12561318972,1.73473384968,1.87552705939,1.18814508606,16492.7667252,193955.724512,100614.067993,294569.792505,5005.36651139,5615.8804565,1127.95454345,31420.980065,5072.59121075,8810.63095193,1066.70544151,1804.58005362,146.737161105,141.002166204,68.3070771423,103.179769964,423.679504491,356.046404451,37621.5258192,105.223079964,11681.9164471
2011,92120.3599039,0.0594200011126,111836.914222,0.0320752497432,0.789750228921,14927.9783656,27229.3852651,49962.9962732,16427.0364001,2774.63268648,161.990321353,0.0551621099887,0.330644351521,0.223546776035,0.445808872444,3.77836783127,13.0289912522,15.8175910145,135.556735118,2411.08514068,2183.45606255,1545.45101729,251.000577085,328.941519894,214.922774572,5.23701540167,4.02974252483,4.45206815659,8.91338449774,3.88133174908,8.22516813686,19.6546654028,7070.41382718,2.57405339033,137.991461285,54.4329605663,78.4546365774,4104.43663395,13615.7369875,5776.86290208,1048.60168641,1941.1208274,1534.51576604,4109117437260,1281.25159017,1266.43296133,320.679306512,0.0708301798063,100.1996893,24.6511608732,124.850850173,47711.8621705,16424.7188171,18875.6051827,12411.5381707,4948.58846148,529.268098714,3716.94262487,2705.685297,455.121461124,0.00226071850343,247.256276767,55366.135929,1348.56412813,297.927599096,973.86039025,76.7761387876,111.8576088,368.985763534,0.445926797368,0.15633720299,0.172583808419,0.117005785958,55088.7082393,1003595809010,144016754976,597122008697,262457045333,126647260304,23555306938.3,103091953366,264432235143,10284311232.4,62129914134.4,165839029248,23733031753.1,12730260007.3,2106.46062359,1691.77050242,0.00897374374095,0.011430146873,3.75838106904,3.18038856018,1.7352727682,0.385181390371,0.378214440393,0.388643441426,0.381874597471,0.0210779842046,0.00898489321837,0.00422173967351,0.00544438369008,0.00538197728676,0.0451109780734,490.732145378,2.78431110817,3.16096350767,1.76131031532,1.89293169588,1.19947220488,16907.2781123,199437.611745,106733.842297,306171.454042,5197.5827653,5641.31633409,1159.49243928,31909.8685311,5104.79257025,8875.3601209,1075.9975729,1801.74251092,148.922687237,141.343123172,69.1125123367,101.654900976,450.73491252,359.378322746,38174.1535407,103.698210976,11753.1002047
2012,98230.9012645,0.0625187546432,116201.010504,0.0360771658952,0.792688034743,15792.7882878,29761.9972541,52676.1157226,17053.1838645,2814.88998147,161.297273254,0.0541959424757,0.323691970013,0.224738261767,0.45156976822,3.73118638982,13.7334381354,16.245798099,135.88607719,2417.90129504,2204.33485696,1574.3233706,261.918647706,337.218231858,221.098465963,5.09925082291,3.90352200385,4.42630480453,8.94998757373,3.97957854398,8.29855305074,20.0850869701,7152.68094532,2.55391545396,138.279379296,54.7795889327,78.783791518,4098.94451538,13862.3034836,5871.84355603,1068.78364443,1969.74108383,1538.93835022,4166269556590,1300.14481188,1291.66918253,325.453475036,0.0714731139588,101.481991474,24.6853999469,126.167391421,48579.3483571,16735.2164979,19080.4289486,12763.7029105,5245.36212235,672.988487167,3823.169553,2671.43440822,488.638760529,0.00237056627279,260.565321659,56496.1448877,1463.18805503,378.828508063,1001.92924978,82.4302971842,117.292743159,364.542779447,0.452046810036,0.158924338669,0.173589566899,0.119532904467,56391.4446061,1047482118730,122323844210,641578249980,283580024536,142011442595,27917752776.9,114093689818,286639815815,24186205134.1,68033569515.6,183915330307,24038992053.1,10651923940,2015.42602257,1737.63925552,0.00901439767334,0.0116892971394,3.82300183615,3.19817047569,1.77227108583,0.386875098337,0.379090955464,0.390369926282,0.384407378727,0.0223255330097,0.0096466363533,0.00452663610714,0.00584299230199,0.00566066024955,0.0480024580216,494.754303346,2.80458752686,3.20039866197,1.7640795563,1.93699797289,1.21090751077,17323.5008457,204944.072482,113044.414019,317988.486501,5393.82112755,5670.88524904,1190.9866953,32348.2947555,5235.95847057,8928.18904623,1084.80674191,1793.96470923,150.090567787,141.380449312,69.916664308,99.8197828014,480.375348128,361.387681407,38775.2399214,101.863092801,11806.9604974
2013,104378.461358,0.0609953128602,120389.464874,0.0353562398154,0.795948159984,16667.7968793,32034.1240817,55676.5403967,17748.9521129,2847.89775987,166.82849314,0.0553378579474,0.31754283147,0.225792089269,0.456665079261,3.6917150393,14.4271273673,16.6401585234,136.250505099,2425.1410098,2225.00475699,1601.56732501,272.52719747,347.106971695,227.277112382,4.95729379957,3.77353645835,4.39572406503,8.96578706074,4.06207973818,8.40109470088,20.5030223788,7234.87487845,2.53457463756,138.59084775,55.093433416,79.1280420113,4093.13431176,14099.7880623,5970.29790505,1089.60262735,1992.23169047,1543.34200419,4219805043320,1318.15784868,1316.37542734,329.817200351,0.0721541126186,102.725974048,24.7176270723,127.443601121,49427.8124112,16914.4341399,19341.9277286,13171.4505427,5560.20368358,835.459241339,3934.36731851,2654.19219271,521.635307763,0.0024328586251,268.741815971,57642.2082875,1589.60885754,470.284089519,1031.32816007,87.9966079525,120.374893177,362.42836942,0.457653409586,0.160042718891,0.175098078915,0.12251261178,57638.8793791,1071924264100,103656352853,670137804941,298130106308,147832841440,26353011625.6,121479829814,301420061809,37389934471.4,71515516870.1,196171950469,24381358263.2,9351236206.83,1932.82716251,1785.68151231,0.00890380454155,0.0117180873082,3.85197897425,3.2255807794,1.81620733538,0.388809786954,0.380473184444,0.39221862278,0.387039515889,0.0236187454225,0.0103305445726,0.00483910362277,0.00625595106762,0.00593236138897,0.0509767060745,498.489342346,2.82933946442,3.24270299958,1.75544313801,1.99346313125,1.2224170687,17801.3463252,210492.045966,119558.271914,330050.31788,5594.53515063,5725.5199694,1226.87547085,32713.6592115,5420.29331616,8977.67890539,1093.99752101,1780.48990931,150.142759456,141.334712237,70.720100904,97.6508199688,512.371495726,362.197572597,39360.8279985,99.6941299688,11852.1663357
2014,110409.617326,0.0577456081359,124273.278723,0.0330038778895,0.803461717584,17473.1094486,33919.0243807,59017.4834967,18506.7093429,2879.80981408,172.638498199,0.0565573862478,0.312367686644,0.226678995606,0.46095331775,3.66013659463,15.089378018,16.9840864012,136.622329865,2432.90718025,2245.81503226,1627.22320546,282.610109488,358.677260431,233.187188056,4.81631161423,3.64563291337,4.36350577443,8.96691066249,4.13072113422,8.53511838179,20.889040438,7317.04230581,2.51599629845,138.89461415,55.3800581298,79.4735869053,4087.02058073,14335.5060284,6070.82606946,1110.83942744,2014.3222826,1547.84669491,4266815909930,1339.334782,1340.90315103,333.640485972,0.0728542246987,103.994143244,24.755008793,128.749152037,50231.1033017,16983.1576672,19634.0480423,13613.8975921,5885.98071348,1012.36652106,4045.53167587,2652.17049929,554.108018827,0.00246792777539,273.974497722,58769.2545144,1724.05966067,569.86606175,1060.71904808,93.4745508412,122.110072187,362.377291632,0.462608879651,0.159990706101,0.176861032359,0.125757141191,58809.6620146,1090877587350,89744044230.9,691487929344,309645613778,149612768400,22781370661.6,126831397738,312861736933,49292683868,73734723002.7,205654734634,24892297866.1,8579981430.28,1860.28857717,1833.71065948,0.0087780542894,0.0116922320155,3.85219743782,3.25780092452,1.86414476062,0.390896024353,0.382143245016,0.394150353069,0.389719668143,0.024931915159,0.0110363292614,0.00515917466319,0.00668318653965,0.00620727910054,0.0540178847239,502.075443815,2.86628833542,3.278975268,1.75514658209,2.03139963531,1.23368934645,18364.0475802,216110.208081,126318.824123,342429.032204,5800.85337208,5808.87907599,1269.02843919,33006.1862073,5546.64156003,9034.68240769,1103.66661639,1762.14180788,149.290325892,141.494982988,71.523278409,95.2242344595,543.913410517,362.308587288,39821.8562065,97.2675444595,11900.490832
2015,116715.606882,0.0562517632884,128387.953582,0.0327590996508,0.81304007462,18266.163725,35528.5004734,62920.9426838,19318.1020415,2918.56552064,170.303966883,0.0551347240701,0.307019824034,0.227595501984,0.465384673981,3.62907457703,15.7741526388,17.3516741325,136.92663073,2441.1224895,2267.43590522,1650.23548293,292.20007474,372.221076426,239.026432373,4.67619329263,3.52161947226,4.33176369232,8.95058241242,4.18707888396,8.70675945025,21.2571887229,7399.16809193,2.49814793977,139.077565916,55.6627507823,79.8169383704,4080.82727372,14579.6810142,6172.62283251,1132.43434674,2042.69533807,1552.43452287,4315088950680,1365.85620853,1365.75964311,337.688144969,0.073568444046,105.272000543,24.8010772711,130.073077814,51031.6229791,16977.3815245,19960.1016973,14094.1397573,6224.63891175,1202.27523625,4156.45887049,2664.41592123,587.077775045,0.00249918002943,278.827029964,59920.6778121,1865.81337577,676.766605544,1090.01042809,99.0363421329,123.656395801,364.231086478,0.46737591523,0.159169786132,0.17890621133,0.129299917768,60019.0719625,1117983571950,80216404256.7,715376845633,322390322056,152185063703,19503368425.3,132681695278,324540608695,60549828199,75836150136.1,214673513867,25749725211.7,8281219480.74,1799.29337992,1881.57719557,0.00870785413078,0.0117072822403,3.83338113306,3.29516773213,1.91646397887,0.393075117348,0.383983512031,0.396109319418,0.392412493388,0.0262233830665,0.011761036751,0.00548600748126,0.0071228541823,0.0064859898955,0.0570792713765,505.706478743,2.92242261523,3.29837552117,1.77482255455,2.03254614374,1.24433157976,18996.2068874,221821.692371,133375.928241,355197.620612,6013.93290175,5909.94872018,1316.47989563,33266.0107803,5541.99505078,9103.92385992,1113.20519067,1741.60064129,147.862147041,142.004226595,72.3260488755,92.7081324475,571.097619547,362.192422511,40124.4857268,94.7514424475,11958.7296919
2016,123066.927144,0.0539292491772,132536.625612,0.0320675470817,0.825513760977,18999.3406235,36920.3693083,67147.2172125,20189.7757815,2956.23117838,167.900863708,0.0537432033749,0.301896860214,0.228473465642,0.469629674144,3.6008082337,16.4502128363,17.7160164028,137.125522891,2449.49108853,2289.60280014,1672.19858162,300.522445876,387.28664499,244.948288491,4.5348555707,3.40064633913,4.30005605594,8.92402658936,4.2219980664,8.90535391344,21.6212087802,7481.17537254,2.48099840549,139.177632062,55.9403412132,80.1587173703,4074.7279172,14825.3169139,6275.06718328,1154.39641668,2067.83180992,1557.07375111,4362494293760,1394.95930688,1391.57864618,341.677208214,0.0742980331295,106.545859631,24.8507075569,131.396567188,51843.5839049,16954.8954526,20296.718712,14591.9697403,6580.2861159,1409.71656432,4262.61386852,2686.894585,622.902382515,0.00254232441436,285.053300532,61110.7646058,2016.66060549,793.536342802,1118.04453374,105.079728943,125.791127624,367.471439745,0.472181206428,0.15817088433,0.181021736695,0.132988585404,61223.8992554,1116233582160,85735077853.1,707905471456,322593032855,146924334525,22018171797.5,124906162728,354953602928,65538262056.7,72936878230.9,242695524211,28804269794.7,10516930691.1,1749.41754335,1927.38915557,0.00842207636577,0.011594722893,3.80873472002,3.33439248397,1.97128820278,0.395265418269,0.385896708411,0.398052793785,0.395004510392,0.0274916031305,0.012500593457,0.00581836187522,0.00757238372628,0.00677829715869,0.0601612393476,509.618348223,2.96963118661,3.31017138141,1.79680192137,2.02513744427,1.25461738305,19675.7617816,227637.699979,140769.0377,368406.737679,6234.65096923,6017.99269949,1367.67809185,33523.3465117,5503.26432014,9178.58351381,1122.81293897,1721.08742104,146.317727105,142.657481051,73.1276609638,90.2456841184,597.234676944,362.10286912,40394.2889237,92.2889941184,12022.4838738
2017,129452.18752,0.0516973118427,136831.429444,0.0320585104928,0.841840726674,19625.5833275,38102.1217995,71724.4823935,21123.6558709,2989.75824131,168.670995936,0.0534034430617,0.296778135064,0.229350702884,0.473871162052,3.57401097873,17.1168953043,18.0926201172,137.10738542,2457.71518289,2311.95011383,1693.04349612,308.36120956,404.11411183,250.539563975,4.39162975296,3.28335921117,4.26853638255,8.89000378587,4.24564083672,9.13379110408,21.9549820182,7562.83106362,2.46451798099,138.917449898,56.1969991532,80.4967980419,4068.70639972,15077.1197747,6377.35628998,1176.65091656,2089.36274871,1561.80121953,4410905040610,1424.79700596,1418.73234293,345.772679014,0.0750396710686,107.840668055,24.9006268791,132.741294934,52674.4607496,17022.6976324,20590.8213803,15060.9417369,6972.29494557,1655.60919779,4354.84756284,2711.24464306,665.613973372,0.00262893783805,296.224211562,62358.0003382,2186.70355621,931.950507765,1142.46814175,112.284906698,130.076654746,370.997057925,0.477228762055,0.158035088726,0.182739922431,0.136453750897,62443.2629733,1096398043590,99522253159.7,682530522333,314345268097,140146443797,27943082360.1,112203361437,397291198521,65842292997.6,66983894722.4,285196459764,32181274953.5,12929569081.2,1711.50034325,1967.30101747,0.00801276466994,0.0113974657828,3.80387454748,3.36658535214,2.02300425476,0.397352535673,0.387772816597,0.399888939606,0.397346279573,0.0287750597015,0.0132558619619,0.00615660578677,0.00803268844174,0.00710396216918,0.0633241780611,513.952763608,2.99646002485,3.32670400959,1.81715530647,2.02358544161,1.26498424775,20387.0205509,233561.571282,148526.042706,382087.613988,6463.63161748,6127.08921204,1421.4712778,33819.7261475,5483.23657485,9254.8593186,1132.33874884,1703.53456579,145.463233698,143.322972596,73.9258363033,88.0223842217,627.147459247,362.712042598,40724.4340001,90.0656942217,12090.7326332
2018,136170.483051,0.0510179128889,141680.078468,0.0340252514099,0.858549860366,20238.6901816,39161.5294521,76770.2634175,22109.6052875,3020.36154434,171.544623877,0.0537436299304,0.290981358945,0.230344143194,0.478674497861,3.5453931566,17.8143238346,18.5351093878,136.84355041,2465.4332029,2333.90891142,1714.00189149,315.31429775,422.413132611,255.961049114,4.24235786916,3.16785674392,4.23529282223,8.85258883683,4.25410209689,9.38361939504,22.2639561783,7643.8760357,2.44867812976,138.575233423,56.4245913768,80.8356294159,4062.73822285,15341.609341,6479.52923176,1199.26162492,2114.57088736,1566.59776534,4465543651150,1455.28511071,1447.39921495,350.496644006,0.0758011170942,109.144807633,24.9506662904,134.095473923,53539.4072179,17208.9688819,20836.7115872,15493.7267489,7409.22905017,1951.72896691,4432.0113488,2734.4906078,713.71070025,0.00275355254274,311.778034217,63683.1268759,2381.98497954,1098.63777282,1162.94868356,120.398523157,136.242439149,374.37565612,0.482665687939,0.159016202501,0.184025087967,0.139624397471,63753.8275984,1078363067460,114438841926,658684892926,305239332603,135128199992,34306896043.1,100821303949,445729361645,64326383855.7,60391311374.4,336360408000,34527513901,14450128369.2,1675.52607962,2000.76931406,0.00761125402467,0.0112113066998,3.82576708361,3.39072870573,2.07034652498,0.399327880147,0.389597330337,0.401609956625,0.399481876422,0.0300722481434,0.0140287031459,0.00650145285648,0.00850528088877,0.00746672491264,0.0665744099472,518.778337419,3.0283672368,3.34112789273,1.83394250891,2.02443526316,1.27522198389,21120.3975004,239592.341327,156665.509551,396257.850878,6701.12414771,6234.39154358,1477.12936532,34171.0228867,5470.54303283,9332.29415939,1141.38291504,1689.6874343,145.504556352,143.993899507,74.7180419322,86.0694996711,657.832750431,364.216497791,41118.6952849,88.1128096711,12163.3645087
2019,143275.089164,0.0508895420153,147058.074196,0.0361606758806,0.871338285223,20989.4380616,40196.3763432,82089.274759,23131.2742683,3049.78518911,175.085559319,0.0542922718389,0.284656649837,0.23142805964,0.483915290522,3.51623853426,18.5487027997,19.0384562207,136.561939144,2472.46456703,2353.29354303,1739.38220739,319.623718558,441.350304775,261.588360614,4.09236965242,3.05113117338,4.19510862815,8.82816380283,4.22497321591,9.63249813685,22.5734318769,7724.26464055,2.43345086277,138.2263554,56.6176279561,81.1819978117,4056.78552232,15614.9667748,6582.20250314,1222.39988717,2142.77471699,1571.42425343,4525504757090,1485.68095155,1477.7459837,355.770883861,0.0765955430684,110.435891848,24.9996184179,135.435510266,54439.2681884,17515.967116,21035.8180945,15887.4829779,7895.89514448,2308.76306648,4493.8959634,2754.72589876,764.091052009,0.00289315480564,329.145062585,65089.8892316,2607.90791477,1299.61401216,1179.39652978,128.897372825,143.149789749,377.319144483,0.488491746468,0.161116413151,0.184902904915,0.142472428402,65145.5105869,1055166422830,128786399272,632713565562,293666457995,129863350725,40507525794.9,89355824930.5,497320807124,60830014449.9,52857387126.5,394353014304,35371363806.1,14739041888.1,1640.04469658,2027.64757738,0.00717516823607,0.0109706131623,3.87469189133,3.40739289509,2.11296502546,0.401196881821,0.391378385257,0.403250980093,0.401445664696,0.0313569392734,0.0148173775535,0.00685241457823,0.00898910806825,0.00786859371162,0.069884433185,524.14298601,3.0753172472,3.34748061971,1.8337436816,2.03465223008,1.28509731322,21882.2916939,245729.287175,165203.303242,410932.590417,6947.32132034,6342.77456024,1535.09426461,34576.6246071,5492.03712183,9408.68832894,1150.02028459,1679.28239536,146.447070321,144.620477059,75.5038316441,84.3579949432,685.983603174,366.571379024,41603.7559935,86.4013049432,12237.9910089
2020,150668.06844,0.0505160695214,152575.142518,0.0364899752614,0.878426369689,21985.0005925,41264.3809989,87418.6868491,24172.3572071,3078.34251037,178.678744682,0.0548595574575,0.27849412498,0.232484181263,0.489021693757,3.4898759786,19.3065149647,19.550886281,136.286320989,2479.05282524,2370.78029372,1767.22626938,321.892756093,461.158643176,267.60422029,3.94226996019,2.93330252748,4.14842874481,8.80913448489,4.16403031151,9.88068294603,22.9000745444,7804.00132888,2.41880886635,137.892428987,56.7969188701,81.5364308738,4050.76715151,15889.4280932,6685.61165394,1246.12073584,2171.79661169,1576.2817574,4585759131570,1515.91838761,1509.78020561,361.077612597,0.0774263974218,111.714676498,25.0474240812,136.762100579,55338.9393171,17931.4954765,21178.8844854,16228.5593552,8431.30410714,2735.05093143,4538.98476572,2769.05419514,812.439528014,0.00301704346633,344.828881983,66539.2976193,2868.06256231,1539.57353445,1191.43557008,137.053457785,149.279650376,379.450525185,0.494401159564,0.164213480063,0.185302387356,0.144885292145,66540.5499655,1018220325650,141182067695,599664407086,277373850869,122057196616,45835289595.4,76221907020.8,548703425011,54845296287.4,44024180340,456913121375,34257333077.5,13508790218,1604.6687993,2047.32118635,0.00667356627591,0.0106293136627,3.94786343802,3.41535555904,2.14925127627,0.402952496546,0.393106483649,0.404865200656,0.403234951,0.0326327822392,0.015619832312,0.00720888003215,0.00948293245438,0.00831345379811,0.0732578808358,530.033754563,3.12204759995,3.3522991898,1.81886737689,2.0569552737,1.29481197361,22692.3400363,251977.165836,174163.68948,426140.855316,7202.74416737,6458.85085123,1596.82045198,35013.4842104,5559.37035046,9483.91449624,1158.61874094,1671.00253579,148.186395662,145.19961943,76.2832489443,82.8069621281,714.030245428,369.669264035,42169.6750128,84.8502721281,12313.535773
2021,158265.063059,0.0495236396021,157481.136113,0.0329252898245,0.880411564962,23262.6573231,42416.3318139,92586.073922,25220.5530182,3106.85494721,182.055206341,0.0553542656508,0.273568397164,0.233328342995,0.493103259842,3.47022925189,20.0765188699,19.9770747866,136.032187499,2485.1725961,2381.38022349,1801.63010007,324.071209509,479.696687366,275.109880977,3.79581442917,2.81732211806,4.09015527581,8.81493603302,4.09800199359,10.0920804772,23.3342054939,7883.09288501,2.40472624768,137.583728412,57.0764789868,81.8907268724,4044.60818332,16153.4209161,6789.23871499,1270.26098482,2197.93796982,1581.20575732,4638645824100,1546.48134076,1543.23788179,365.516341953,0.0782807992901,113.001894978,25.0948751611,138.096770139,56173.5747214,18405.4650381,21259.5651722,16508.5445111,8996.96763395,3222.73769051,4566.05667157,2774.28707929,853.195773853,0.00309195843621,354.97749802,67944.8294346,3156.86790072,1814.09479427,1198.84432536,143.928781087,152.986352198,380.414241076,0.499803437636,0.167838594308,0.185177066859,0.146787776469,67802.4354138,977078635642,142226591595,571334354991,263517689056,118567391489,47859158812.9,70708232676.2,560530020187,47673133361.4,35519049685.6,483114302613,30745433060.6,11151234828.4,1567.70206883,2059.42821074,0.00620441698451,0.0100664868715,4.03505464956,3.41359410499,2.17792691616,0.404608799718,0.394782108431,0.406516337458,0.404875403591,0.033969263273,0.0164389071812,0.00757191326992,0.0099888008937,0.00880309804591,0.0767719826638,536.343926539,3.13068290199,3.37550551023,1.81037721334,2.08972727005,1.30510332921,23563.0646273,258345.813414,183583.14699,441928.960405,7468.33925938,6585.50519198,1663.28734022,35431.5607061,5666.62316841,9559.52832971,1167.74705867,1662.17647108,150.339620299,145.763646335,77.0563601486,81.2676526893,752.398260569,373.159626783,42761.4712148,83.3109626893,12389.4518595
2022,165729.737491,0.047087302521,161059.993373,0.0256851366564,0.879987259471,24783.1761598,43671.8767818,97274.6845489,26269.8094879,3134.97453338,185.167735127,0.0557710242971,0.270727012891,0.23381529395,0.495457693158,3.4594623469,20.816517141,20.2299729882,135.796376683,2490.72906131,2391.15251115,1833.19919363,328.986653053,497.002095979,284.58781191,3.65940597263,2.70892097341,4.03229381886,8.81536647283,4.06529918478,10.2726313389,23.928702871,7961.45370372,2.39117969309,137.294274032,57.5414278021,82.2265156785,4038.26941848,16401.615085,6891.4269262,1294.33520156,2221.10682583,1586.2614673,4674665686550,1578.7220713,1577.46700608,368.304582392,0.0791236613012,114.334945135,25.1440197901,139.478964925,56879.6486344,18847.6088159,21287.7302658,16744.3095526,9545.15042913,3725.73957656,4578.17903019,2770.70848327,882.459405547,0.00311138768032,358.77241684,69195.5075468,3448.44879902,2097.23701391,1202.34641272,148.865372394,153.947687625,380.181858965,0.504007969232,0.171110275106,0.184613918413,0.148283775713,68817.2731608,929837605947,135774812078,543067349110,250995444759,114218761982,46585894836.8,67632867145,542674029121,40786926405.9,28552835905.2,478818219725,26514202920,8788770570.96,1527.42083966,2065.15115008,0.00577323757735,0.00939586876781,4.11465896202,3.40373870143,2.20052040826,0.406276780495,0.396536044929,0.408233874015,0.40651456371,0.0353615776347,0.0172809532494,0.0079438374518,0.0105111221434,0.00933012592677,0.080427616406,542.844004973,3.15629034122,3.39963515088,1.80512748798,2.12077654446,1.31545180727,24475.6355233,264842.463296,193498.797532,458341.260827,7744.61250086,6715.06295657,1733.16148391,35764.3441139,5773.03198852,9639.40482494,1177.84359201,1649.25822408,152.20082613,146.397859783,77.8223284754,79.5519860581,793.132794235,376.421014389,43270.5375863,81.5952960581,12466.506641
2023,172932.207742,0.0439600409359,163291.734747,0.0176632330288,0.880762142159,26472.5753696,45052.0375542,101407.594818,27317.0809292,3162.9322379,188.028877706,0.0561119246746,0.26980949454,0.233972536476,0.496217968985,3.45607305277,21.512007186,20.3127746829,135.570395615,2495.63803637,2400.48855105,1858.59639576,340.097299128,513.314846545,295.163477718,3.53933933642,2.6138347367,3.98119745596,8.80024668524,4.1102341917,10.4399089332,24.6331811179,8038.86900219,2.37814922066,137.019940064,58.2036697431,82.5258206534,4031.82507591,16635.8035499,6990.26411167,1317.7598457,2245.05165587,1591.4687508,4694388677660,1613.94911735,1611.59611025,369.507432985,0.0799154262019,115.723416983,25.1966885328,140.920105516,57419.350567,19226.8344214,21260.1187855,16932.3973601,10058.0156993,4221.75763548,4578.22685642,2758.73222295,900.310809326,0.003089039397,357.720398093,70236.0984893,3731.07145624,2376.44800312,1202.74666076,151.876792358,152.841921679,378.849718385,0.506732169443,0.173773965608,0.183588481014,0.149369722822,69587.6021043,878752011298,128330814283,512449604560,237971592455,106979719405,44042016366.7,62937703038,517775835287,34569315140.1,23061910138.8,465395125269,22565290416.6,6753509462.17,1491.71701555,2065.80521579,0.00538148493958,0.00876405143189,4.17970743673,3.38536698761,2.21702079756,0.407926858617,0.398314003338,0.409992737527,0.408092278306,0.0368252219448,0.0181463977903,0.00832496556696,0.0110500330224,0.00988576234517,0.0842323806696,549.24788645,3.15528008161,3.43234132045,1.82340790381,2.13373226942,1.32610927007,25365.6004099,271459.286834,203920.886834,475380.173668,8031.69372378,6827.01773108,1801.65136946,35988.1371937,5815.4374809,9726.70103361,1188.80571138,1631.24568204,153.565959546,147.180025456,78.5790544467,77.6181426792,841.801491304,379.325039449,43605.2260441,79.6614526792,12546.752427
