Year,Energy Balance Model.Surface Temperature Anomaly[1]
1980,0.366658618007
1980.125,0.364999252785
1980.25,0.363681116167
1980.375,0.362664495521
1980.5,0.361914148317
1980.625,0.3613988253
1980.75,0.361061338804
1980.875,0.360879133609
1981,0.360834728198
1981.125,0.36053437223
1981.25,0.359801681783
1981.375,0.358685020302
1981.5,0.35721796136
1981.625,0.355431743109
1981.75,0.353353954386
1981.875,0.351008711458
1982,0.348417397583
1982.125,0.345538160509
1982.25,0.34233575935
1982.375,0.338837426563
1982.5,0.33506732263
1982.625,0.331046976564
1982.75,0.326795620252
1982.875,0.322330484663
1983,0.317667094437
1983.125,0.313686027575
1983.25,0.311142531394
1983.375,0.309878289949
1983.5,0.309753182809
1983.625,0.310643259957
1983.75,0.312438878521
1983.875,0.31504302729
1984,0.318369971296
1984.125,0.322189490204
1984.25,0.326302102938
1984.375,0.330678618702
1984.5,0.335293170491
1984.625,0.340122887261
1984.75,0.345147550145
1984.875,0.350349292075
1985,0.355712342324
1985.125,0.360982579032
1985.25,0.365941919079
1985.375,0.370626568048
1985.5,0.375068205777
1985.625,0.379294735623
1985.75,0.38333071248
1985.875,0.387197754884
1986,0.390914934
1986.125,0.394591624626
1986.25,0.398322032491
1986.375,0.40210125526
1986.5,0.405925148929
1986.625,0.409790225578
1986.75,0.413693585779
1986.875,0.417632842129
1987,0.421606017298
1987.125,0.425634318346
1987.25,0.429735931146
1987.375,0.433905142384
1987.5,0.438136900654
1987.625,0.442426677549
1987.75,0.446770384968
1987.875,0.451164298059
1988,0.455605005929
1988.125,0.460093181813
1988.25,0.464629185035
1988.375,0.469209576829
1988.5,0.47383117399
1988.625,0.478491032835
1988.75,0.483186424867
1988.875,0.487914798264
1989,0.492673789093
1989.125,0.497318360609
1989.25,0.501724072884
1989.375,0.505917055463
1989.5,0.509920309884
1989.625,0.513754142717
1989.75,0.517436472739
1989.875,0.520983085949
1990,0.524407927426
1990.125,0.527020587474
1990.25,0.528229850865
1990.375,0.528183253468
1990.5,0.527011406624
1990.625,0.524830034628
1990.75,0.521741636915
1990.875,0.517836935824
1991,0.513196313093
1991.125,0.507359985213
1991.25,0.499936249857
1991.375,0.491085627491
1991.5,0.480950490031
1991.625,0.469657277275
1991.75,0.4573183299
1991.875,0.444033471457
1992,0.429891491902
1992.125,0.417156611452
1992.25,0.407771457487
1992.375,0.401370058504
1992.5,0.397628427095
1992.625,0.39625949788
1992.75,0.397009155666
1992.875,0.399652552875
1993,0.403990681808
1993.125,0.409583921112
1993.25,0.41605029038
1993.375,0.42330271242
1993.5,0.431263901366
1993.625,0.439865296241
1993.75,0.44904606526
1993.875,0.458752216611
1994,0.468935821015
1994.125,0.479049703559
1994.25,0.488623628025
1994.375,0.497722833853
1994.5,0.506404908767
1994.625,0.514720742825
1994.75,0.522715335983
1994.875,0.530428507904
1995,0.537895520573
1995.125,0.545026919091
1995.25,0.55174695612
1995.375,0.558103820107
1995.5,0.564140185705
1995.625,0.569893864934
1995.75,0.575398343251
1995.875,0.580683257248
1996,0.585774857027
1996.125,0.590690946497
1996.25,0.595447438539
1996.375,0.600063633429
1996.5,0.604556490083
1996.625,0.608940953351
1996.75,0.613230193237
1996.875,0.617435823069
1997,0.621568077028
1997.125,0.625655426482
1997.25,0.629722490108
1997.375,0.6337724628
1997.5,0.63780817006
1997.625,0.641832092653
1997.75,0.645846364212
1997.875,0.649852806106
1998,0.653852971927
1998.125,0.657836447004
1998.25,0.661794281089
1998.375,0.665729700844
1998.5,0.669645487958
1998.625,0.673544080899
1998.75,0.677427610125
1998.875,0.681297925089
1999,0.685156607822
1999.125,0.688987839451
1999.25,0.69277805372
1999.375,0.696531578848
1999.5,0.700252231716
1999.625,0.703943369473
1999.75,0.707607956882
1999.875,0.711248606109
2000,0.714867607106
2000.125,0.718414592736
2000.25,0.721846441691
2000.375,0.725175024229
2000.5,0.728410882538
2000.625,0.731563385934
2000.75,0.734640879606
2000.875,0.737650731077
2001,0.740599462712
2001.125,0.743524521168
2001.25,0.74645811618
2001.375,0.749398330544
2001.5,0.752343348006
2001.625,0.755291565092
2001.75,0.758241621232
2001.875,0.761192481969
2002,0.76414337404
2002.125,0.766979241901
2002.25,0.769601647178
2002.375,0.772032908062
2002.5,0.774292922605
2002.625,0.776399468054
2002.75,0.7783684696
2002.875,0.780214198411
2003,0.781949497404
2003.125,0.783659357126
2003.25,0.785416987647
2003.375,0.787217124047
2003.5,0.789055167196
2003.625,0.790927173265
2003.75,0.792829756948
2003.875,0.794760008957
2004,0.79671544845
2004.125,0.798656018409
2004.25,0.800547417404
2004.375,0.802395572701
2004.5,0.804205728327
2004.625,0.805982522246
2004.75,0.80773004042
2004.875,0.809451858332
2005,0.811151143542
2005.125,0.812870219256
2005.25,0.814645462439
2005.375,0.816471422169
2005.5,0.818343270099
2005.625,0.820256728626
2005.75,0.822207956307
2005.875,0.824193379559
2006,0.826209679048
2006.125,0.828249351449
2006.25,0.830305850993
2006.375,0.832377951616
2006.5,0.834464829474
2006.625,0.836565966735
2006.75,0.838681042781
2006.875,0.840809852213
2007,0.842952260195
2007.125,0.845149747823
2007.25,0.847437837766
2007.375,0.849808256319
2007.5,0.852253610993
2007.625,0.854767300434
2007.75,0.857343413517
2007.875,0.859976640611
2008,0.862662209798
2008.125,0.865354343394
2008.25,0.868013619722
2008.375,0.870644667788
2008.5,0.873251506447
2008.625,0.875837633892
2008.75,0.878406089565
2008.875,0.880959512892
2009,0.883500193499
2009.125,0.886121589604
2009.25,0.888903793609
2009.375,0.891830358375
2009.5,0.894886686049
2009.625,0.898059819417
2009.75,0.901338256021
2009.875,0.904711781939
2010,0.908171320504
2010.125,0.911651062918
2010.25,0.915094330604
2010.375,0.918506013369
2010.5,0.921890409469
2010.625,0.925251304753
2010.75,0.92859203413
2010.875,0.931915536607
2011,0.935224401409
2011.125,0.938570846739
2011.25,0.941999663033
2011.375,0.945502826363
2011.5,0.949073229708
2011.625,0.952704588525
2011.75,0.956391345733
2011.875,0.96012859314
2012,0.963911996629
2012.125,0.967715487503
2012.25,0.971516631628
2012.375,0.975316812971
2012.5,0.979117266178
2012.625,0.982919094188
2012.75,0.986723282663
2012.875,0.990530715686
2013,0.994342188104
2013.125,0.998119148305
2013.25,1.00182859567
2013.375,1.00547881385
2013.5,1.00907714487
2013.625,1.01263009979
2013.75,1.01614345392
2013.875,1.01962232954
2014,1.02307127414
2014.125,1.02642658234
2014.25,1.02963379491
2014.375,1.03270938314
2014.5,1.03566793122
2014.625,1.03852237125
2014.75,1.04128418604
2014.875,1.04396356631
2015,1.04656956457
2015.125,1.04915218086
2015.25,1.05175442227
2015.375,1.05437422609
2015.5,1.05700970354
2015.625,1.05965914389
2015.75,1.06232102333
2015.875,1.06499400224
2016,1.06767692472
2016.125,1.07041250389
2016.25,1.07323732255
2016.375,1.07614200532
2016.5,1.07911820408
2016.625,1.08215855111
2016.75,1.08525656116
2016.875,1.08840649876
2017,1.09160327287
2017.125,1.09480456258
2017.25,1.09797381292
2017.375,1.10111454496
2017.5,1.10422980408
2017.625,1.10732228977
2017.75,1.11039443737
2017.875,1.11344846694
2018,1.11648641939
2018.125,1.11947841762
2018.25,1.12239893116
2018.375,1.12525564493
2018.5,1.12805531728
2018.625,1.13080391462
2018.75,1.13350670436
2018.875,1.13616832896
2019,1.13879287946
2019.125,1.14140631696
2019.25,1.14403092512
2019.375,1.14666502333
2019.5,1.14930707472
2019.625,1.15195570106
2019.75,1.15460967688
2019.875,1.15726792029
2020,1.15992949729
2020.125,1.16273182928
2020.25,1.1657926697
2020.375,1.16908436722
2020.5,1.17258244823
2020.625,1.17626525704
2020.75,1.18011361847
2020.875,1.18411054756
2021,1.18824100013
2021.125,1.19238012979
2021.25,1.19642055552
2021.375,1.20037360491
2021.5,1.2042492337
2021.625,1.20805620743
2021.75,1.21180225508
2021.875,1.21549421381
2022,1.21913814828
2022.125,1.22288555203
2022.25,1.22686640618
2022.375,1.23105635427
2022.5,1.23543384974
2022.625,1.23997983366
2022.75,1.24467743737
2022.875,1.249511724
2023,1.25446947195
2023.125,1.2593866942
2023.25,1.26412253474
2023.375,1.26869764302
2023.5,1.27313026884
2023.625,1.27743656401
2023.75,1.28163083034
2023.875,1.28572573565
2024,1.28973251045
2024.125,1.29363714175
2024.25,1.297427926
2024.375,1.30111741921
2024.5,1.3047167519
2024.625,1.30823580266
2024.75,1.31168334306
2024.875,1.31506716205
2025,1.31839418701
2025.125,1.32165226241
2025.25,1.3248311768
2025.375,1.32793941353
2025.5,1.33098449905
2025.625,1.33397312328
2025.75,1.3369112318
2025.875,1.3398041099
2026,1.34265645952
2026.125,1.34546824206
2026.25,1.3482395617
2026.375,1.35097456631
2026.5,1.3536769411
2026.625,1.35634996277
2026.75,1.35899654086
2026.875,1.36161924665
2027,1.36422036105
2027.125,1.36680106984
2027.25,1.36936245304
2027.375,1.37190628429
2027.5,1.37443412918
2027.625,1.37694737575
2027.75,1.37944725181
2027.875,1.3819348426
2028,1.38441110957
2028.125,1.38689724732
2028.25,1.38941143906
2028.375,1.39195036941
2028.5,1.39451109739
2028.625,1.39709101583
2028.75,1.39968780697
2028.875,1.4022994154
2029,1.40492401111
2029.125,1.40755063219
2029.25,1.4101698268
2029.375,1.41278211689
2029.5,1.41538795287
2029.625,1.41798771813
2029.75,1.42058173526
2029.875,1.4231702773
2030,1.4257535726
2030.125,1.42834229674
2030.25,1.43094559092
2030.375,1.4335615288
2030.5,1.4361883958
2030.625,1.43882466549
2030.75,1.44146897261
2030.875,1.44412009812
2031,1.4467769563
2031.125,1.44943876603
2031.25,1.45210484087
2031.375,1.45477440512
2031.5,1.45744676696
2031.625,1.46012131389
2031.75,1.46279750804
2031.875,1.46547486599
2032,1.46815296876
2032.125,1.47084615612
2032.25,1.47356671086
2032.375,1.47631149258
2032.5,1.47907771332
2032.625,1.48186291437
2032.75,1.4846649312
2032.875,1.48748183994
2033,1.49031195388
2033.125,1.49318052275
2033.25,1.49610914909
2033.375,1.49909147751
2033.5,1.50212186053
2033.625,1.50519529955
2033.75,1.50830737644
2033.875,1.51145418607
2034,1.51463228302
2034.125,1.51788171903
2034.25,1.52123673482
2034.375,1.52468652784
2034.5,1.52822153742
2034.625,1.53183330832
2034.75,1.53551435716
2034.875,1.53925806509
2035,1.54305857499
2035.125,1.54686515329
2035.25,1.55063417928
2035.375,1.55437050899
2035.5,1.55807843498
2035.625,1.56176175476
2035.75,1.56542382739
2035.875,1.56906763107
2036,1.57269580685
2036.125,1.5763275438
2036.25,1.57997935786
2036.375,1.58364980342
2036.5,1.58733760885
2036.625,1.59104165714
2036.75,1.59476096391
2036.875,1.59849466633
2037,1.60224200709
2037.125,1.60595612375
2037.25,1.6095968447
2037.375,1.61317270148
2037.5,1.61669124087
2037.625,1.62015914154
2037.75,1.6235823151
2037.875,1.62696599118
2038,1.63031480107
2038.125,1.63365502349
2038.25,1.63700929278
2038.375,1.64037648648
2038.5,1.64375560706
2038.625,1.64714577215
2038.75,1.65054620251
2038.875,1.6539562006
2039,1.65737514552
2039.125,1.66077025221
2039.25,1.66411339432
2039.375,1.66741042151
2039.5,1.67066649062
2039.625,1.67388615407
2039.75,1.67707342981
2039.875,1.68023186291
2040,1.68336458263
2040.125,1.68647623612
2040.25,1.68957087444
2040.375,1.69265027822
2040.5,1.69571601129
2040.625,1.69876944876
2040.75,1.70181179695
2040.875,1.70484411291
2041,1.70786732278
2041.125,1.7108863606
2041.25,1.71390546598
2041.375,1.71692444687
2041.5,1.71994311925
2041.625,1.72296130919
2041.75,1.72597885209
2041.875,1.72899559039
2042,1.73201137391
2042.125,1.73504604158
2042.25,1.7381165793
2042.375,1.74121894369
2042.5,1.74434954879
2042.625,1.74750521298
2042.75,1.75068311221
2042.875,1.75388073799
2043,1.75709586309
2043.125,1.76033780391
2043.25,1.76361448113
2043.375,1.76692212222
2043.5,1.77025738262
2043.625,1.77361729759
2043.75,1.77699923636
2043.875,1.78040086794
2044,1.78382012674
2044.125,1.78726849894
2044.25,1.79075577244
2044.375,1.79427790854
2044.5,1.79783133598
2044.625,1.80141288086
2044.75,1.80501973022
2044.875,1.80864937988
2045,1.81229959783
2045.125,1.81600060934
2045.25,1.81977825893
2045.375,1.82362472448
2045.5,1.82753308381
2045.625,1.83149721215
2045.75,1.83551167491
2045.875,1.83957166198
2046,1.84367292627
2046.125,1.84779619424
2046.25,1.85192484077
2046.375,1.85605895429
2046.5,1.86019859921
2046.625,1.86434382752
2046.75,1.86849467309
2046.875,1.87265117694
2047,1.87681337799
2047.125,1.88098538916
2047.25,1.88517073655
2047.375,1.88936865633
2047.5,1.89357847092
2047.625,1.89779958294
2047.75,1.90203145702
2047.875,1.90627362737
2048,1.91052568512
2048.125,1.91475386587
2048.25,1.91892922753
2048.375,1.92305803548
2048.5,1.92714582765
2048.625,1.93119750432
2048.75,1.93521739778
2048.875,1.93920934748
2049,1.94317675949
2049.125,1.94708912713
2049.25,1.9509203879
2049.375,1.95467947692
2049.5,1.9583742865
2049.625,1.96201178662
2049.75,1.96559815798
2049.875,1.9691388869
2050,1.97263883311
2050.125,1.97608588622
2050.25,1.9794697916
2050.375,1.98279714198
2050.5,1.98607376796
2050.625,1.98930483007
2050.75,1.99249488946
2050.875,1.99564798431
2051,1.99876769156
2051.125,2.00188103781
2051.25,2.00501126997
2051.375,2.00815620309
2051.5,2.01131389465
2051.625,2.01448262518
2051.75,2.01766086165
2051.875,2.02084725044
2052,2.02404058746
2052.125,2.02724176746
2052.25,2.03045151447
2052.375,2.03366858045
2052.5,2.03689185072
2052.625,2.04012032994
2052.75,2.04335311841
2052.875,2.04658941746
2053,2.04982851002
2053.125,2.05307586347
2053.25,2.05633613223
2053.375,2.05960759133
2053.5,2.0628887009
2053.625,2.06617808676
2053.75,2.06947451519
2053.875,2.07277689085
2054,2.07608423507
2054.125,2.0794167701
2054.25,2.0827917999
2054.375,2.08620450715
2054.5,2.08965061648
2054.625,2.09312631226
2054.75,2.09662815545
2054.875,2.10015307201
2055,2.10369832286
2055.125,2.10728400419
2055.25,2.11092727745
2055.375,2.11462185486
2055.5,2.11836218184
2055.625,2.12214334449
2055.75,2.12596098084
2055.875,2.12981121708
2056,2.13369060452
2056.125,2.13760288107
2056.25,2.14155114334
2056.375,2.14553161631
2056.5,2.14954094668
2056.625,2.15357615955
2056.75,2.15763460862
2056.875,2.16171395357
2057,2.16581211676
2057.125,2.1698934268
2057.25,2.17392725296
2057.375,2.17791874839
2057.5,2.18187245706
2057.625,2.18579238839
2057.75,2.18968207672
2057.875,2.19354464894
2058,2.19738286856
2058.125,2.20120401295
2058.25,2.20501438616
2058.375,2.2088149561
2058.5,2.21260657905
2058.625,2.21639001248
2058.75,2.22016593213
2058.875,2.2239349306
2059,2.22769753242
2059.125,2.23145284724
2059.25,2.23520012563
2059.375,2.23893999959
2059.5,2.24267303108
2059.625,2.24639971936
2059.75,2.25012050624
2059.875,2.25383578174
2060,2.25754589451
2060.125,2.26121781783
2060.25,2.26482326211
2060.375,2.26836900342
2060.5,2.27186103801
2060.625,2.27530467423
2060.75,2.2787046092
2060.875,2.28206500872
2061,2.28538956491
2061.125,2.28868601974
2061.25,2.2919611037
2061.375,2.29521651548
2061.5,2.29845376562
2061.625,2.30167419796
2061.75,2.30487898466
2061.875,2.30806919067
2062,2.311245765
2062.125,2.31441398119
2062.25,2.31757838226
2062.375,2.32073876628
2062.5,2.32389495621
2062.625,2.32704679843
2062.75,2.33019411771
2062.875,2.33333679667
2063,2.33647473259
2063.125,2.33962098554
2063.25,2.34278674181
2063.375,2.34596935474
2063.5,2.34916647666
2063.625,2.35237602719
2063.75,2.35559614767
2063.875,2.35882519972
2064,2.36206172737
2064.125,2.36530900841
2064.25,2.36856980716
2064.375,2.37184219871
2064.5,2.37512446944
2064.625,2.37841509321
2064.75,2.38171271046
2064.875,2.38501610468
2065,2.38832418932
2065.125,2.39164737752
2065.25,2.39499455367
2065.375,2.39836270335
2065.5,2.40174914632
2065.625,2.40515149928
2065.75,2.40856763893
2065.875,2.41199567525
2066,2.4154339224
2066.125,2.4189108234
2066.25,2.42245069571
2066.375,2.42604647202
2066.5,2.42969188738
2066.625,2.43338138479
2066.75,2.43711003144
2066.875,2.44087344688
2067,2.44466773869
2067.125,2.44848539109
2067.25,2.45231984865
2067.375,2.45616916041
2067.5,2.46003158264
2067.625,2.46390555576
2067.75,2.46778966976
2067.875,2.47168267458
2068,2.47558344951
2068.125,2.47947566696
2068.25,2.48334529209
2068.375,2.4871945094
2068.5,2.49102523617
2068.625,2.49483915686
2068.75,2.49863773607
2068.875,2.50242227437
2069,2.50619391376
2069.125,2.50992685582
2069.25,2.51359901289
2069.375,2.51721640147
2069.5,2.52078433542
2069.625,2.52430751052
2069.75,2.52779006968
2069.875,2.53123568378
2070,2.53464759965
2070.125,2.53801517245
2070.25,2.54132936035
2070.375,2.54459505923
2070.5,2.54781660105
2070.625,2.55099782068
2070.75,2.55414210779
2070.875,2.55725247199
2071,2.56033158108
2071.125,2.56337283743
2071.25,2.56637065896
2071.375,2.56932866383
2071.5,2.57225005861
2071.625,2.57513768698
2071.75,2.57799407115
2071.875,2.58082145164
2072,2.58362181898
2072.125,2.58641269203
2072.25,2.58920914115
2072.375,2.59200948584
2072.5,2.59481224992
2072.625,2.5976161361
2072.75,2.60042000325
2072.875,2.6032228542
2073,2.60602381546
2073.125,2.6088259207
2073.25,2.61163175467
2073.375,2.6144399883
2073.5,2.61724945369
2073.625,2.62005912524
2073.75,2.62286810181
2073.875,2.6256755939
2074,2.62848090958
2074.125,2.63127846632
2074.25,2.63406346949
2074.375,2.63683643013
2074.5,2.6395978052
2074.625,2.64234800405
2074.75,2.64508739647
2074.875,2.64781631192
2075,2.65053504641
2075.125,2.65325336841
2075.25,2.65597966035
2075.375,2.65871227816
2075.5,2.66144977168
2075.625,2.66419086102
2075.75,2.66693441562
2075.875,2.66967943674
2076,2.67242504138
2076.125,2.67517045684
2076.25,2.67791499819
2076.375,2.68065804928
2076.5,2.68339906345
2076.625,2.68613755492
2076.75,2.6888730876
2076.875,2.69160527591
2077,2.69433377486
2077.125,2.69707342252
2077.25,2.69983692069
2077.375,2.70262105372
2077.5,2.70542297294
2077.625,2.70824015308
2077.75,2.71107034548
2077.875,2.71391156169
2078,2.71676203513
2078.125,2.71963580673
2078.25,2.72254485501
2078.375,2.72548487587
2078.5,2.7284520537
2078.625,2.73144300494
2078.75,2.73445470454
2078.875,2.73748448752
2079,2.74052998522
2079.125,2.74359109219
2079.25,2.74666764789
2079.375,2.74975759061
2079.5,2.75285908416
2079.625,2.75597049265
2079.75,2.75909034846
2079.875,2.76221734942
2080,2.76535033192
2080.125,2.76848051869
2080.25,2.77160034489
2080.375,2.77471048338
2080.5,2.77781151753
2080.625,2.78090395289
2080.75,2.78398818913
2080.875,2.78706460586
2081,2.79013353115
2081.125,2.79317915155
2081.25,2.79618791629
2081.375,2.79916318507
2081.5,2.80210792196
2081.625,2.80502474418
2081.75,2.80791596347
2081.875,2.81078362237
2082,2.8136295259
2082.125,2.81645141562
2082.25,2.81924740025
2082.375,2.82201948353
2082.5,2.82476943888
2082.625,2.82749883666
2082.75,2.83020906826
2082.875,2.83290136758
2083,2.83557682932
2083.125,2.83821844213
2083.25,2.84081165912
2083.375,2.84336076795
2083.5,2.84586956478
2083.625,2.84834141243
2083.75,2.85077929169
2083.875,2.85318584634
2084,2.85556342237
2084.125,2.85792457021
2084.25,2.86028011063
2084.375,2.86262964108
2084.5,2.86497281497
2084.625,2.86730933452
2084.75,2.86963894464
2084.875,2.87196142762
2085,2.87427659868
2085.125,2.87656411755
2085.25,2.87880655687
2085.375,2.88100775832
2085.5,2.8831711261
2085.625,2.88529967874
2085.75,2.88739609497
2085.875,2.88946275367
2086,2.89150176894
2086.125,2.89352813542
2086.25,2.89555476602
2086.375,2.89758058711
2086.5,2.89960466197
2086.625,2.90162617365
2086.75,2.90364440996
2086.875,2.90565875167
2087,2.90766866158
2087.125,2.9096885156
2087.25,2.91173062977
2087.375,2.91379175349
2087.5,2.91586902109
2087.625,2.91795990602
2087.75,2.92006218046
2087.875,2.92217388008
2088,2.9242932729
2088.125,2.92642244791
2088.25,2.92856315749
2088.375,2.93071350709
2088.5,2.93287182467
2088.625,2.93503663448
2088.75,2.93720663382
2088.875,2.93938067272
2089,2.94155773578
2089.125,2.94375719539
2089.25,2.94599562846
2089.375,2.94826836748
2089.5,2.95057128474
2089.625,2.95290072778
2089.75,2.95525346252
2089.875,2.95762662433
2090,2.96001767495
2090.125,2.96243928935
2090.25,2.96490226185
2090.375,2.96740190109
2090.5,2.9699340526
2090.625,2.97249503579
2090.75,2.9750815882
2090.875,2.97769081737
2091,2.98032015772
2091.125,2.98295745155
2091.25,2.9855922097
2091.375,2.98822456908
2091.5,2.99085464182
2091.625,2.99348251865
2091.75,2.99610827164
2091.875,2.99873195644
2092,3.00135361388
2092.125,3.00398152617
2092.25,3.00662278295
2092.375,3.00927577458
2092.5,3.01193906866
2092.625,3.01461138997
2092.75,3.01729160182
2092.875,3.01997868996
2093,3.02267174796
2093.125,3.02531938816
2093.25,3.02787754284
2093.375,3.03035545719
2093.5,3.03276129656
2093.625,3.03510227498
2093.75,3.0373847679
2093.875,3.03961441094
2094,3.04179618637
2094.125,3.04391925779
2094.25,3.04597445999
2094.375,3.04796822208
2094.5,3.04990623044
2094.625,3.05179351604
2094.75,3.05363453116
2094.875,3.05543321705
2095,3.05719306422
2095.125,3.05892338103
2095.25,3.0606322352
2095.375,3.06232084113
2095.5,3.06399028019
2095.625,3.06564151623
2095.75,3.0672754094
2095.875,3.06889272813
2096,3.07049416039
2096.125,3.07207630951
2096.25,3.07363629073
2096.375,3.07517538962
2096.5,3.07669475275
2096.625,3.07819540441
2096.75,3.07967826124
2096.875,3.0811441451
2097,3.0825937944
2097.125,3.0840462611
2097.25,3.085517902
2097.375,3.08700566211
2097.5,3.0885068528
2097.625,3.09001910831
2097.75,3.09154034746
2097.875,3.09306874019
2098,3.09460267825
2098.125,3.09614144038
2098.25,3.09768437925
2098.375,3.09923027248
2098.5,3.10077804816
2098.625,3.10232676725
2098.75,3.10387560793
2098.875,3.10542385249
2099,3.10697087484
2099.125,3.1085378296
2099.25,3.11014283875
2099.375,3.11178124601
2099.5,3.11344894258
2099.625,3.11514230248
2099.75,3.1168581257
2099.875,3.11859358832
2100,3.12034619741
2100.125,3.12213050793
2100.25,3.12395893809
2100.375,3.12582650037
2100.5,3.12772878914
2100.625,3.12966191165
2100.75,3.13162242805
2100.875,3.133607298
2101,3.13561383371
2101.125,3.13764517646
2101.25,3.13970395259
2101.375,3.1417872221
2101.5,3.14389238339
2101.625,3.14601713327
2101.75,3.14815943168
2101.875,3.15031747064
2102,3.1524896469
2102.125,3.15463780186
2102.25,3.15672919169
2102.375,3.1587698823
2102.5,3.16076523112
2102.625,3.16271997148
2102.75,3.16463828658
2102.875,3.16652387412
2103,3.16838000309
2103.125,3.17021014029
2103.25,3.17201733565
2103.375,3.17380373703
2103.5,3.17557124431
2103.625,3.17732153806
2103.75,3.17905610493
2103.875,3.1807762603
2104,3.18248316789
2104.125,3.18416419401
2104.25,3.18580854097
2104.375,3.18741968841
2104.5,3.18900071354
2104.625,3.19055433857
2104.75,3.19208297255
2104.875,3.19358874815
2105,3.19507355374
2105.125,3.19652548866
2105.25,3.19793440314
2105.375,3.19930426592
2105.5,3.20063858884
2105.625,3.20194048053
2105.75,3.20321269376
2105.875,3.20445766646
2106,3.20567755936
2106.125,3.20688663225
2106.25,3.20809716179
2106.375,3.20930823821
2106.5,3.21051906111
2106.625,3.21172892536
2106.75,3.21293720924
2106.875,3.21414336496
2107,3.2153469103
2107.125,3.21655035606
2107.25,3.21775584465
2107.375,3.21896247487
2107.5,3.22016945284
2107.625,3.22137607977
2107.75,3.22258174098
2107.875,3.22378589632
2108,3.22498807155
2108.125,3.22619985772
2108.25,3.22743117967
2108.375,3.22867936902
2108.5,3.22994206984
2108.625,3.23121720157
2108.75,3.23250292636
2108.875,3.23379762052
2109,3.2350998493
2109.125,3.23641844149
2109.25,3.23776092866
2109.375,3.23912434434
2109.5,3.24050606568
2109.625,3.24190377294
2109.75,3.24331541381
2109.875,3.24473917211
2110,3.24617344034
2110.125,3.24763607506
2110.25,3.24914233771
2110.375,3.25068733974
2110.5,3.2522667571
2110.625,3.25387676376
2110.75,3.25551397313
2110.875,3.25717538683
2111,3.25885834968
2111.125,3.26059095778
2111.25,3.26239722007
2111.375,3.26426933375
2111.5,3.26620039713
2111.625,3.26818430361
2111.75,3.27021564832
2111.875,3.27228964604
2112,3.27440205887
2112.125,3.2764934143
2112.25,3.27851263761
2112.375,3.28046768064
2112.5,3.2823655603
2112.625,3.28421246642
2112.75,3.28601386828
2112.875,3.28777460123
2113,3.28949894122
2113.125,3.29119142725
2113.25,3.29285605497
2113.375,3.29449564013
2113.5,3.2961126773
2113.625,3.29770937799
2113.75,3.2992877042
2113.875,3.30084939832
2114,3.30239600914
2114.125,3.30389200744
2114.25,3.30530699425
2114.375,3.30664928846
2114.5,3.30792625637
2114.625,3.30914442509
2114.75,3.31030958207
2114.875,3.31142686228
2115,3.31250082396
2115.125,3.31355918833
2115.25,3.31462584032
2115.375,3.31569934949
2115.5,3.31677846886
2115.625,3.31786211454
2115.75,3.31894934557
2115.875,3.32003934609
2116,3.32113140943
2116.125,3.32220625051
2116.25,3.32324733901
2116.375,3.32425787318
2116.5,3.32524069087
2116.625,3.32619831113
2116.75,3.32713297083
2116.875,3.32804665694
2117,3.32894113418
2117.125,3.32983159605
2117.25,3.33073111099
2117.375,3.33163824784
2117.5,3.3325517451
2117.625,3.33347048938
2117.75,3.33439349674
2117.875,3.33531989655
2118,3.33624891746
2118.125,3.33718522834
2118.25,3.33813280849
2118.375,3.33909006906
2118.5,3.3400556013
2118.625,3.34102815498
2118.75,3.3420066196
2118.875,3.34299000787
2119,3.34397744117
2119.125,3.34497809752
2119.25,3.34599981464
2119.375,3.34704002035
2119.5,3.34809643445
2119.625,3.34916703429
2119.75,3.35025002456
2119.875,3.35134381077
2120,3.35244697594
2120.125,3.35358463787
2120.25,3.35477827928
2120.375,3.35602173951
2120.5,3.3573095642
2120.625,3.35863692202
2120.75,3.35999953148
2120.875,3.36139359637
2121,3.36281574975
2121.125,3.36427782028
2121.25,3.36578985278
2121.375,3.36734659368
2121.5,3.36894338787
2121.625,3.37057610872
2121.75,3.3722410964
2121.875,3.37393510364
2122,3.375655248
2122.125,3.37740165637
2122.25,3.37917435668
2122.375,3.38097080127
2122.5,3.38278872675
2122.625,3.38462612116
2122.75,3.38648119516
2122.875,3.38835235676
2123,3.39023818848
2123.125,3.39206783925
2123.25,3.39378055232
2123.375,3.39538894519
2123.5,3.3969041682
2123.625,3.39833607935
2123.75,3.39969339664
2123.875,3.4009838339
2124,3.40221421815
2124.125,3.40342197454
2124.25,3.40463934521
2124.375,3.40586492572
2124.5,3.40709748063
2124.625,3.40833592105
2124.75,3.40957928732
2124.875,3.41082673322
2125,3.41207751235
2125.125,3.4132888659
2125.25,3.41442413603
2125.375,3.41549104971
2125.5,3.41649644098
2125.625,3.41744635744
2125.75,3.41834615372
2125.875,3.4192005732
2126,3.42001381999
2126.125,3.42079411153
2126.25,3.42154860303
2126.375,3.42227935362
2126.5,3.42298819731
2126.625,3.42367676941
2126.75,3.42434652993
2126.875,3.4249987843
2127,3.42563470157
2127.125,3.42627099116
2127.25,3.42692201573
2127.375,3.42758555929
2127.5,3.42825967784
2127.625,3.42894266674
2127.75,3.42963303212
2127.875,3.4303294658
2128,3.43103082329
2128.125,3.43173902273
2128.25,3.43245569175
2128.375,3.43317949775
2128.5,3.43390927271
2128.625,3.43464399357
2128.75,3.43538276486
2128.875,3.43612480356
2129,3.43686942572
2129.125,3.43763260373
2129.25,3.43842801627
2129.375,3.43925196853
2129.5,3.44010120065
2129.625,3.44097283606
2129.75,3.44186433618
2129.875,3.4427734604
2130,3.44369823155
2130.125,3.44466034484
2130.25,3.44567834833
2130.375,3.44674629988
2130.5,3.44785895033
2130.625,3.44901166199
2130.75,3.450200337
2130.875,3.45142135433
2131,3.45267151434
2131.125,3.45399070065
2131.25,3.45541301475
2131.375,3.45692788981
2131.5,3.45852598398
2131.625,3.46019903471
2131.75,3.46193973249
2131.875,3.46374161005
2132,3.46559894371
2132.125,3.46744807675
2132.25,3.46923431434
2132.375,3.47096514581
2132.5,3.47264718382
2132.625,3.47428626871
2132.75,3.47588755964
2132.875,3.47745561399
2133,3.47899445697
2133.125,3.48050978934
2133.25,3.48200658807
2133.375,3.48348720183
2133.5,3.48495370131
2133.625,3.48640791076
2133.75,3.48785143619
2133.875,3.48928569039
2134,3.49071191524
2134.125,3.49209531308
2134.25,3.49340608763
2134.375,3.49465210221
2134.5,3.49584030316
2134.625,3.49697682878
2134.75,3.49806710517
2134.875,3.49911593025
2135,3.50012754753
2135.125,3.50109405108
2135.25,3.50200877162
2135.375,3.50287693289
2135.5,3.50370315799
2135.625,3.50449154012
2135.75,3.5052457048
2135.875,3.50596886472
2136,3.50666386783
2136.125,3.50732655102
2136.25,3.50795342382
2136.375,3.50854778556
2136.5,3.50911256213
2136.625,3.50965034987
2136.75,3.5101634541
2136.875,3.51065392297
2137,3.51112357728
2137.125,3.51160257273
2137.25,3.51211680398
2137.375,3.51266197008
2137.5,3.51323427687
2137.625,3.51383037603
2137.75,3.5144473115
2137.875,3.51508247276
2138,3.5157335538
2138.125,3.51639878872
2138.25,3.5170766092
2138.375,3.51776536922
2138.5,3.51846361262
2138.625,3.51917005066
2138.75,3.51988354215
2138.875,3.5206030761
2139,3.52132775629
2139.125,3.52206319561
2139.25,3.52281417923
2139.375,3.52357882563
2139.5,3.52435546755
2139.625,3.52514262713
2139.75,3.52593899406
2139.875,3.52674340561
2140,3.52755483118
2140.125,3.52838284145
2140.25,3.52923561271
2140.375,3.53011038009
2140.5,3.53100469819
2140.625,3.53191640266
2140.75,3.53284357598
2140.875,3.53378451737
2141,3.53473771612
2141.125,3.5357251176
2141.25,3.53676548078
2141.375,3.53785317736
2141.5,3.53898321914
2141.625,3.54015118154
2141.75,3.54135313663
2141.875,3.5425855945
2142,3.54384545236
2142.125,3.54513106788
2142.25,3.54644094113
2142.375,3.54777266337
2142.5,3.54912408981
2142.625,3.55049330961
2142.75,3.55187861934
2142.875,3.55327849949
2143,3.55469159378
2143.125,3.55609175161
2143.25,3.55745651957
2143.375,3.55878981052
2143.5,3.56009507374
2143.625,3.56137535081
2143.75,3.56263332453
2143.875,3.56387136172
2144,3.56509155073
2144.125,3.56629821134
2144.25,3.56749509273
2144.375,3.56868314661
2144.5,3.56986321316
2144.625,3.57103603448
2144.75,3.57220226641
2144.875,3.57336248903
2145,3.57451721598
2145.125,3.57565569905
2145.25,3.57676874209
2145.375,3.57785889756
2145.5,3.57892842495
2145.625,3.57997932594
2145.75,3.58101337523
2145.875,3.58203214754
2146,3.58303704138
2146.125,3.58400922734
2146.25,3.58493261132
2146.375,3.58581210784
2146.5,3.58665207023
2146.625,3.58745635738
2146.75,3.58822839228
2146.875,3.58897121339
2147,3.58968751982
2147.125,3.59040179878
2147.25,3.59113511262
2147.375,3.59188504029
2147.5,3.59264945526
2147.625,3.59342649021
2147.75,3.59421450614
2147.875,3.5950120654
2148,3.59581790812
2148.125,3.59661696361
2148.25,3.59739629845
2148.375,3.59815780471
2148.5,3.59890316606
2148.625,3.59963388282
2148.75,3.60035129376
2148.875,3.60105659512
2149,3.60175085725
2149.125,3.60244277514
2149.25,3.60313983842
2149.375,3.60384130646
2149.5,3.60454653671
2149.625,3.60525497256
2149.75,3.60596613261
2149.875,3.6066796014
2150,3.60739502149
